{"dataResult":{"dataURL":"file:\/\/\/Users\/shaimaathu\/Desktop\/mustadeem\/imageClassifiy\/","createdDate":"2023-12-28T16:28:46Z","dataSourceID":"0203CF1A-77DA-40D4-98B0-0D1EE2E56B87","error":{"code":2,"domain":"MLRecipeCreateMLAdaptor.RecipeSession.DataAccessError","reason":"File not present at \"imageClassifiy\"","errorType":"error"}},"preferredFilename":"imageClassifiy","title":"imageClassifiy","version":"1.0","dataPathRelativeToProjectURL":"..\/imageClassifiy\/","modifiedDate":"2024-01-02T06:38:00Z","dataURL":"file:\/\/\/Users\/shaimaathu\/Desktop\/mustadeem\/imageClassifiy\/","activityEntities":["dataSourceCreated",[{"event":"dataSourceCreated","id":"9731F3E6-98B1-46A4-BDF4-F748F678CC22","title":"Data Source Created","subtitle":"imageClassifiy","createdDate":"2023-12-28T16:28:46Z"}]],"pathType":0,"createdDate":"2023-12-28T16:28:46Z","experimentIDs":["D7AB35B2-A4E0-44D5-A997-30979CCAF5B8"],"id":"0203CF1A-77DA-40D4-98B0-0D1EE2E56B87"}