{"dataResult":{"dataURL":"file:\/\/\/Users\/shaimaathu\/Desktop\/mustadeem\/imageClassifiy\/training\/","createdDate":"2023-12-28T16:29:27Z","dataSourceID":"1DCD56F8-D4B5-4A9D-9785-DCFEB36AB563","error":{"reason":"File not present at \"training\"","domain":"MLRecipeCreateMLAdaptor.RecipeSession.DataAccessError","errorType":"error","code":2}},"preferredFilename":"training","title":"training","version":"1.0","dataPathRelativeToProjectURL":"..\/imageClassifiy\/training\/","modifiedDate":"2024-01-02T06:37:57Z","dataURL":"file:\/\/\/Users\/shaimaathu\/Desktop\/mustadeem\/imageClassifiy\/training\/","activityEntities":["dataSourceMetrics",[{"event":"dataSourceMetrics","id":"3F1B1090-8E42-4AD9-838B-465E9B43B926","subtitle":"2 Classes, 90 Items","title":"Data Summary","createdDate":"2023-12-28T16:29:59Z"}],"dataSourceCreated",[{"id":"24454E8C-4A23-426B-B11B-B996A8678C04","event":"dataSourceCreated","subtitle":"training","title":"Data Source Created","createdDate":"2023-12-28T16:29:27Z"}],"dataSourceTrainingStarted",[{"title":"Used By","createdDate":"2023-12-28T16:29:59Z","event":"dataSourceTrainingStarted","id":"44DC7B4E-2484-4A57-AA7E-1DDA9A7246E7","subtitle":"imClassifir 1"}]],"pathType":0,"createdDate":"2023-12-28T16:29:27Z","experimentIDs":["D7AB35B2-A4E0-44D5-A997-30979CCAF5B8"],"id":"1DCD56F8-D4B5-4A9D-9785-DCFEB36AB563"}