{"activityEntities":["evaluationFinished",[{"id":"91BB1986-3353-42DB-9086-B2939F98735F","event":"evaluationFinished","subtitle":"ImageClassifier 1","createdDate":"2023-12-28T13:25:41Z","title":"Testing Completed"},{"id":"AEE3EBAF-84F5-41CA-8AF3-8A7584B0F17B","event":"evaluationFinished","title":"Testing Completed","subtitle":"ImageClassifier 1","createdDate":"2023-12-28T13:51:16Z"}],"experimentCreated",[{"event":"experimentCreated","subtitle":"ImageClassifier 1","title":"Model Source Created","id":"AD94178B-7C12-4654-A755-4AE738AABFE0","createdDate":"2023-12-28T13:09:45Z"}],"trainingExtended",[{"event":"trainingExtended","title":"Training Extended","subtitle":"20 more iterations","createdDate":"2023-12-28T13:51:13Z","id":"E0BBA304-660C-49FF-B915-8F1D95E96EB5"}],"trainingFinished",[{"id":"3E5D4402-659D-4C4D-AC30-6EEE9D7DF386","title":"Training Completed","createdDate":"2023-12-28T13:51:14Z","event":"trainingFinished","subtitle":"Model converged at 18 iterations"}],"snapshotCreated",[{"title":"Snapshot Saved","id":"E7B6ACF0-D0E8-417D-8EE5-55433DEB2051","subtitle":"Snapshot created at iteration 25","createdDate":"2023-12-28T13:51:13Z","event":"snapshotCreated"}],"evaluationStarted",[{"id":"AD646219-0785-4E80-B154-A593CAC802F0","subtitle":"ImageClassifier 1","title":"Testing Started","createdDate":"2023-12-28T13:25:40Z","event":"evaluationStarted"},{"id":"BA8A41B1-3A32-471A-8F1A-5FFD46EE5030","createdDate":"2023-12-28T13:51:16Z","subtitle":"ImageClassifier 1","event":"evaluationStarted","title":"Testing Started"}],"trainingStarted",[{"id":"AB4CE29C-6D0D-4EAE-BA08-3722AD086928","createdDate":"2023-12-28T13:25:35Z","event":"trainingStarted","subtitle":"25 iterations","title":"Training Started"}],"trainingDataAdded",[{"subtitle":"training","event":"trainingDataAdded","id":"23EF5E79-AE82-4C73-AD0F-5AD4D967C6EA","createdDate":"2023-12-28T13:10:37Z","title":"Training Data Added"}]],"createdDate":"2023-12-28T13:52:09Z","evaluationState":"uninitialized","modelEntity":{"modelURL":"Snapshots\/ImageClassifier%201%20Iteration%2050.mlmodel","title":"","version":"1.0","createdDate":"2023-12-28T13:52:09Z","experimentID":"EAEF1015-F3B4-49D4-8A04-A5CB43670F7C","modifiedDate":"2023-12-28T13:52:09Z","id":"A962A457-2D01-4009-BB79-F03446231FFE","preferredFilename":""},"title":"Iteration 50","state":"trained","evaluationEntity":{"dataResult":{},"id":"5065082e-7f86-4e1d-a986-7fb0955b46e5","analysedDataType":"none"},"id":"E7A73E61-6C4F-4767-B1C7-8762758A1459","trainingEntity":{"trainingResults":{"imageClassifier":{"accuracy":1,"confusionMatrix":[{"expected":"blastic","actual":"blastic","count":63},{"count":63,"actual":"carton","expected":"carton"}],"statsByLabel":{"carton":{"count":63,"precisionRecall":{"success":{"recall":1,"precision":1}}},"blastic":{"precisionRecall":{"success":{"recall":1,"precision":1}},"count":63}}}},"validationResults":{"imageClassifier":{"confusionMatrix":[{"expected":"blastic","actual":"blastic","count":5},{"actual":"blastic","expected":"carton","count":2},{"actual":"carton","count":1,"expected":"blastic"},{"expected":"carton","count":6,"actual":"carton"}],"statsByLabel":{"carton":{"count":7,"precisionRecall":{"success":{"recall":0.8571428571428571,"precision":0.75}}},"blastic":{"count":7,"precisionRecall":{"success":{"precision":0.8333333333333334,"recall":0.7142857142857143}}}},"accuracy":0.7857142857142857}},"snapshottableCheckpoints":{"50":{"iteration":50,"createdDate":"2023-12-28T13:51:14Z","modelURL":"file:\/\/\/Users\/shaimaathu\/Library\/Caches\/com.apple.dt.createml\/projects\/1CA70A78-A4AE-4C1D-A145-55A17B1DA7F9b1699c56e3e78a2afdea9a4f848ff38cc5ae058a\/sessions\/checkpoint.sessions\/EAEF1015-F3B4-49D4-8A04-A5CB43670F7C\/training-000000050.checkpoint.model\/checkpointModel.mlmodel"}},"trainingAccuracy":1,"dataSourceID":"141048F7-2682-4337-8149-045E0094FE5E","finishTime":"2023-12-28T13:51:14Z","startTime":"2023-12-28T13:51:13Z","dataResult":{"dataAnalysis":{"summary":{"classCount":2,"sampleCount":70,"canUseValidation":1},"issues":[{"severity":"debug","description":"2 classes found, including blastic, carton"},{"severity":"good","description":"70 images found, automatically creating validation set"},{"description":"Smallest class is \"carton\" with 35 images","severity":"debug"},{"description":"Largest class is \"blastic\" with 35 images","severity":"debug"}],"classifierAnalysis":{"labelStats":{"carton":35,"blastic":35}}},"itemsCount":70,"classesCount":2,"dataURL":"file:\/\/\/Users\/shaimaathu\/Desktop\/mustadeem\/imageClassifiy\/training\/","createdDate":"2023-12-28T13:52:09Z","dataSourceID":"141048F7-2682-4337-8149-045E0094FE5E"},"validationAccuracy":0.7857142857142857,"progress":[{"percentComplete":0,"tableIndex":0,"count":2,"currentRowIndex":0,"tableDone":false,"icTrainingColumnHeader":{"elapsedTime":0.02436208724975586,"hasValidation":true,"iterationCount":2,"trainingAccuracy":0.746031746031746,"validationAccuracy":0.6428571428571429},"isLast":false},{"icTrainingColumnHeader":{"trainingAccuracy":0.7857142857142857,"elapsedTime":0.02779102325439453,"validationAccuracy":0.7142857142857143,"hasValidation":true,"iterationCount":3},"tableDone":false,"percentComplete":0,"tableIndex":0,"currentRowIndex":0,"isLast":false,"count":3},{"currentRowIndex":0,"tableDone":false,"count":4,"isLast":false,"tableIndex":0,"percentComplete":0,"icTrainingColumnHeader":{"iterationCount":4,"hasValidation":true,"elapsedTime":0.039640069007873535,"validationAccuracy":0.7857142857142857,"trainingAccuracy":0.8253968253968254}},{"tableDone":false,"tableIndex":0,"isLast":false,"percentComplete":0,"count":5,"icTrainingColumnHeader":{"hasValidation":true,"iterationCount":5,"validationAccuracy":0.7857142857142857,"elapsedTime":0.04551100730895996,"trainingAccuracy":0.8968253968253969},"currentRowIndex":0},{"tableIndex":0,"currentRowIndex":0,"count":10,"percentComplete":0,"tableDone":false,"isLast":false},{"tableIndex":1,"percentComplete":0,"icTrainingColumnHeader":{"trainingAccuracy":1,"iterationCount":11,"elapsedTime":0.07703101634979248,"validationAccuracy":0.7857142857142857,"hasValidation":true},"tableDone":false,"isLast":false,"currentRowIndex":0,"count":11},{"count":15,"tableDone":false,"isLast":false,"currentRowIndex":0,"percentComplete":0,"tableIndex":0},{"percentComplete":0,"tableIndex":0,"isLast":false,"tableDone":true,"currentRowIndex":0,"icTrainingColumnHeader":{"hasValidation":true,"iterationCount":18,"trainingAccuracy":1,"elapsedTime":0.11147201061248779,"validationAccuracy":0.7857142857142857},"count":18},{"count":20,"currentRowIndex":0,"tableIndex":0,"isLast":false,"percentComplete":0,"tableDone":false},{"currentRowIndex":0,"tableIndex":0,"count":25,"percentComplete":0,"isLast":false,"tableDone":false},{"isLast":false,"percentComplete":0,"tableIndex":0,"currentRowIndex":0,"tableDone":false,"count":30},{"tableDone":false,"currentRowIndex":0,"isLast":false,"count":35,"percentComplete":0,"tableIndex":0},{"tableDone":false,"currentRowIndex":0,"percentComplete":0,"tableIndex":0,"isLast":false,"count":40},{"count":45,"percentComplete":0,"tableDone":false,"tableIndex":0,"isLast":false,"currentRowIndex":0},{"percentComplete":0,"isLast":false,"currentRowIndex":0,"tableDone":false,"count":50,"tableIndex":0}],"checkpointMetrics":{"50":{"iteration":50,"metrics":{},"createdDate":"2023-12-28T13:51:14Z"},"25":{"iteration":25,"metrics":{},"createdDate":"2023-12-28T13:25:38Z"}},"analysedDataType":"datasource","resumableCheckpoint":{"checkpointURL":"file:\/\/\/Users\/shaimaathu\/Library\/Caches\/com.apple.dt.createml\/projects\/1CA70A78-A4AE-4C1D-A145-55A17B1DA7F9b1699c56e3e78a2afdea9a4f848ff38cc5ae058a\/sessions\/checkpoint.sessions\/EAEF1015-F3B4-49D4-8A04-A5CB43670F7C\/training-000000050.checkpoint","createdDate":"2023-12-28T13:51:14Z","iteration":50},"featureExtractionCheckpointMayBeAvailable":false},"validationEntity":{"dataResult":{"createdDate":"2023-12-28T13:52:09Z"},"analysedDataType":"auto"},"snapshotRole":{"snapshotIteration":50,"snapshotParent":"EAEF1015-F3B4-49D4-8A04-A5CB43670F7C"},"evaluationContainerEntity":{"validationEvaluationEntity":{"dataResult":{"createdDate":"2023-12-28T13:52:09Z"},"id":"e35f093d-bba5-4448-b7f0-a756cc25b594","createdDate":"2023-12-28T13:52:09Z","analysedDataType":"auto"},"createdDate":"2023-12-28T13:52:09Z","previewType":"imageClassifier","evaluationEntities":[],"id":"fd6e2b75-9d35-47df-af2a-fc421ad4d3b3","modifiedDate":"2023-12-28T13:52:09Z","testingEvaluationEntity":{"createdDate":"2023-12-28T13:52:09Z","id":"8fb1dbb7-ffeb-4e70-9c15-0a760d72455f","dataSourceID":"A681007D-DC61-4E32-832D-9958B79A426B","dataResult":{"dataSourceID":"A681007D-DC61-4E32-832D-9958B79A426B","dataURL":"file:\/\/\/Users\/shaimaathu\/Desktop\/mustadeem\/imageClassifiy\/test\/","createdDate":"2023-12-28T13:52:09Z"},"analysedDataType":"datasource"},"trainingEvaluationEntity":{"dataResult":{"createdDate":"2023-12-28T13:52:09Z","dataSourceID":"141048F7-2682-4337-8149-045E0094FE5E","dataURL":"file:\/\/\/Users\/shaimaathu\/Desktop\/mustadeem\/imageClassifiy\/training\/"},"id":"49635391-7e89-4a2d-9354-e9fd65c9b9d8","analysedDataType":"none","dataSourceID":"141048F7-2682-4337-8149-045E0094FE5E","createdDate":"2023-12-28T13:52:09Z"}},"contentDataResult":{"createdDate":"2023-12-28T13:09:45Z"},"preferredFilename":"ImageClassifier 1 Iteration 50","version":"1.0","modifiedDate":"2023-12-28T13:52:09Z","settingEntity":{"seedType":"default","handActionClassifierAugmentations":[],"featureExtractorType":"scenePrintV1","augmentations":["expose","flip","rotate","crop","addNoise","blur"],"styleTransferAlgorithmType":"image","iterationCount":45,"taskType":"imageClassifier","transferLearningEmbeddingType":"dynamic","featureNames":[],"harVideoAugmentations":0,"handPoseClassifierAugmentations":[],"algorithmType":"maxEnt"}}