{"activityEntities":["trainingDataAdded",[{"event":"trainingDataAdded","subtitle":"training","createdDate":"2023-12-28T13:10:37Z","id":"23EF5E79-AE82-4C73-AD0F-5AD4D967C6EA","title":"Training Data Added"}],"evaluationStarted",[{"subtitle":"ImageClassifier 1","id":"AD646219-0785-4E80-B154-A593CAC802F0","event":"evaluationStarted","title":"Testing Started","createdDate":"2023-12-28T13:25:40Z"}],"experimentCreated",[{"event":"experimentCreated","id":"AD94178B-7C12-4654-A755-4AE738AABFE0","subtitle":"ImageClassifier 1","title":"Model Source Created","createdDate":"2023-12-28T13:09:45Z"}],"evaluationFinished",[{"id":"91BB1986-3353-42DB-9086-B2939F98735F","event":"evaluationFinished","subtitle":"ImageClassifier 1","createdDate":"2023-12-28T13:25:41Z","title":"Testing Completed"}],"trainingStarted",[{"title":"Training Started","createdDate":"2023-12-28T13:25:35Z","subtitle":"25 iterations","id":"AB4CE29C-6D0D-4EAE-BA08-3722AD086928","event":"trainingStarted"}],"trainingFinished",[{"createdDate":"2023-12-28T13:25:38Z","event":"trainingFinished","subtitle":"Model converged at 18 iterations","title":"Training Completed","id":"316290CD-23A0-410D-A043-33E87E5C1FAC"}]],"createdDate":"2023-12-28T13:51:13Z","evaluationState":"uninitialized","modelEntity":{"modelURL":"Snapshots\/ImageClassifier%201%20Iteration%2025.mlmodel","modifiedDate":"2023-12-28T13:51:13Z","id":"14206882-997B-4C87-98FD-9B03A5B99E39","title":"","preferredFilename":"","createdDate":"2023-12-28T13:51:13Z","version":"1.0","experimentID":"EAEF1015-F3B4-49D4-8A04-A5CB43670F7C"},"title":"Iteration 25","state":"trained","evaluationEntity":{"analysedDataType":"none","id":"a45452c3-9c5f-4122-a7af-2020239b5949","dataResult":{}},"id":"BFC27CD0-3418-4108-A74A-6D57B5D2D2BA","trainingEntity":{"trainingResults":{"imageClassifier":{"statsByLabel":{"carton":{"precisionRecall":{"success":{"recall":1,"precision":1}},"count":63},"blastic":{"precisionRecall":{"success":{"precision":1,"recall":1}},"count":63}},"accuracy":1,"confusionMatrix":[{"actual":"blastic","count":63,"expected":"blastic"},{"actual":"carton","count":63,"expected":"carton"}]}},"validationResults":{"imageClassifier":{"accuracy":0.7857142857142857,"statsByLabel":{"carton":{"count":7,"precisionRecall":{"success":{"recall":0.8571428571428571,"precision":0.75}}},"blastic":{"precisionRecall":{"success":{"precision":0.8333333333333334,"recall":0.7142857142857143}},"count":7}},"confusionMatrix":[{"expected":"blastic","count":5,"actual":"blastic"},{"expected":"carton","count":2,"actual":"blastic"},{"actual":"carton","expected":"blastic","count":1},{"count":6,"actual":"carton","expected":"carton"}]}},"snapshottableCheckpoints":{"25":{"iteration":25,"modelURL":"file:\/\/\/Users\/shaimaathu\/Library\/Caches\/com.apple.dt.createml\/projects\/1CA70A78-A4AE-4C1D-A145-55A17B1DA7F9b1699c56e3e78a2afdea9a4f848ff38cc5ae058a\/sessions\/checkpoint.sessions\/EAEF1015-F3B4-49D4-8A04-A5CB43670F7C\/training-000000025.checkpoint.model\/checkpointModel.mlmodel","createdDate":"2023-12-28T13:25:38Z"}},"trainingAccuracy":1,"dataSourceID":"141048F7-2682-4337-8149-045E0094FE5E","finishTime":"2023-12-28T13:25:38Z","startTime":"2023-12-28T13:25:35Z","dataResult":{"dataSourceID":"141048F7-2682-4337-8149-045E0094FE5E","dataAnalysis":{"classifierAnalysis":{"labelStats":{"carton":35,"blastic":35}},"summary":{"classCount":2,"canUseValidation":1,"sampleCount":70},"issues":[{"description":"2 classes found, including blastic, carton","severity":"debug"},{"description":"70 images found, automatically creating validation set","severity":"good"},{"severity":"debug","description":"Smallest class is \"carton\" with 35 images"},{"severity":"debug","description":"Largest class is \"blastic\" with 35 images"}]},"classesCount":2,"createdDate":"2023-12-28T13:51:13Z","itemsCount":70,"dataURL":"file:\/\/\/Users\/shaimaathu\/Desktop\/mustadeem\/imageClassifiy\/training\/"},"validationAccuracy":0.7857142857142857,"progress":[{"count":2,"percentComplete":0,"icTrainingColumnHeader":{"hasValidation":true,"trainingAccuracy":0.746031746031746,"elapsedTime":0.020228028297424316,"iterationCount":2,"validationAccuracy":0.6428571428571429},"isLast":false,"currentRowIndex":0,"tableIndex":0,"tableDone":false},{"percentComplete":0,"tableIndex":0,"count":3,"currentRowIndex":0,"tableDone":false,"icTrainingColumnHeader":{"trainingAccuracy":0.7857142857142857,"validationAccuracy":0.7142857142857143,"elapsedTime":0.0231020450592041,"iterationCount":3,"hasValidation":true},"isLast":false},{"tableIndex":0,"icTrainingColumnHeader":{"iterationCount":4,"elapsedTime":0.03438997268676758,"trainingAccuracy":0.8253968253968254,"validationAccuracy":0.7857142857142857,"hasValidation":true},"isLast":false,"tableDone":false,"percentComplete":0,"currentRowIndex":0,"count":4},{"count":5,"tableDone":false,"icTrainingColumnHeader":{"hasValidation":true,"trainingAccuracy":0.8968253968253969,"validationAccuracy":0.7857142857142857,"elapsedTime":0.03995800018310547,"iterationCount":5},"percentComplete":0,"currentRowIndex":0,"tableIndex":0,"isLast":false},{"currentRowIndex":0,"tableIndex":0,"tableDone":false,"count":10,"percentComplete":0,"isLast":false},{"currentRowIndex":0,"tableDone":false,"count":11,"isLast":false,"tableIndex":0,"percentComplete":0,"icTrainingColumnHeader":{"iterationCount":11,"validationAccuracy":0.7857142857142857,"hasValidation":true,"elapsedTime":0.07006800174713135,"trainingAccuracy":1}},{"percentComplete":0,"tableDone":false,"currentRowIndex":0,"isLast":false,"count":15,"tableIndex":0},{"icTrainingColumnHeader":{"hasValidation":true,"iterationCount":18,"elapsedTime":0.10402703285217285,"trainingAccuracy":1,"validationAccuracy":0.7857142857142857},"tableDone":true,"percentComplete":0,"tableIndex":0,"currentRowIndex":0,"isLast":false,"count":18},{"tableIndex":0,"tableDone":false,"count":20,"percentComplete":0,"currentRowIndex":0,"isLast":false},{"isLast":false,"currentRowIndex":0,"tableDone":false,"tableIndex":0,"count":25,"percentComplete":0}],"checkpointMetrics":{"25":{"metrics":{},"createdDate":"2023-12-28T13:25:38Z","iteration":25}},"analysedDataType":"datasource","resumableCheckpoint":{"checkpointURL":"file:\/\/\/Users\/shaimaathu\/Library\/Caches\/com.apple.dt.createml\/projects\/1CA70A78-A4AE-4C1D-A145-55A17B1DA7F9b1699c56e3e78a2afdea9a4f848ff38cc5ae058a\/sessions\/checkpoint.sessions\/EAEF1015-F3B4-49D4-8A04-A5CB43670F7C\/training-000000025.checkpoint","createdDate":"2023-12-28T13:25:38Z","iteration":25},"featureExtractionCheckpointMayBeAvailable":false},"validationEntity":{"analysedDataType":"auto","dataResult":{"createdDate":"2023-12-28T13:51:13Z"}},"snapshotRole":{"snapshotParent":"EAEF1015-F3B4-49D4-8A04-A5CB43670F7C","snapshotIteration":25},"evaluationContainerEntity":{"modifiedDate":"2023-12-28T13:51:13Z","testingEvaluationEntity":{"analysedDataType":"datasource","id":"3ca777dc-ccd5-4145-91ca-c96d890a05f1","dataResult":{"createdDate":"2023-12-28T13:51:13Z","dataURL":"file:\/\/\/Users\/shaimaathu\/Desktop\/mustadeem\/imageClassifiy\/test\/","dataSourceID":"A681007D-DC61-4E32-832D-9958B79A426B"},"dataSourceID":"A681007D-DC61-4E32-832D-9958B79A426B","createdDate":"2023-12-28T13:51:13Z"},"createdDate":"2023-12-28T13:51:13Z","trainingEvaluationEntity":{"createdDate":"2023-12-28T13:51:13Z","analysedDataType":"none","dataResult":{"dataSourceID":"141048F7-2682-4337-8149-045E0094FE5E","dataURL":"file:\/\/\/Users\/shaimaathu\/Desktop\/mustadeem\/imageClassifiy\/training\/","createdDate":"2023-12-28T13:51:13Z"},"id":"790453ad-d45c-4921-97c9-0905a1db0455","dataSourceID":"141048F7-2682-4337-8149-045E0094FE5E"},"id":"a91f92b8-95fd-4437-b447-a043d6e450c5","previewType":"imageClassifier","evaluationEntities":[],"validationEvaluationEntity":{"analysedDataType":"auto","id":"11572765-9a57-41cd-95f3-75b3a3e6a932","createdDate":"2023-12-28T13:51:13Z","dataResult":{"createdDate":"2023-12-28T13:51:13Z"}}},"contentDataResult":{"createdDate":"2023-12-28T13:09:45Z"},"preferredFilename":"ImageClassifier 1 Iteration 25","version":"1.0","settingEntity":{"algorithmType":"maxEnt","seedType":"default","harVideoAugmentations":0,"featureExtractorType":"scenePrintV1","handActionClassifierAugmentations":[],"handPoseClassifierAugmentations":[],"styleTransferAlgorithmType":"image","iterationCount":25,"augmentations":["blur","flip","expose","crop","addNoise","rotate"],"transferLearningEmbeddingType":"dynamic","taskType":"imageClassifier","featureNames":[]},"modifiedDate":"2023-12-28T13:51:13Z"}