{"evaluationState":"evaluated","evaluationContainerEntity":{"trainingEvaluationEntity":{"analysedDataType":"none","createdDate":"2023-12-28T13:09:45Z","id":"4991819b-325f-4b2b-95d9-67dc9d3074f6","evaluationResult":{"imageClassifier":{"confusionMatrix":[{"count":63,"expected":"blastic","actual":"blastic"},{"count":63,"actual":"carton","expected":"carton"}],"accuracy":1,"statsByLabel":{"blastic":{"count":63,"precisionRecall":{"success":{"recall":1,"precision":1}}},"carton":{"count":63,"precisionRecall":{"success":{"recall":1,"precision":1}}}}}},"dataSourceID":"141048F7-2682-4337-8149-045E0094FE5E","dataResult":{"dataURL":"file:\/\/\/Users\/shaimaathu\/Desktop\/mustadeem\/imageClassifiy\/training\/","itemsCount":70,"dataAnalysis":{"summary":{"sampleCount":70,"classCount":2,"canUseValidation":1},"classifierAnalysis":{"labelStats":{"blastic":35,"carton":35}},"issues":[{"severity":"debug","description":"2 classes found, including blastic, carton"},{"description":"70 images found, automatically creating validation set","severity":"good"},{"description":"Smallest class is \"carton\" with 35 images","severity":"debug"},{"severity":"debug","description":"Largest class is \"blastic\" with 35 images"}]},"dataSourceID":"141048F7-2682-4337-8149-045E0094FE5E","classesCount":2,"createdDate":"2023-12-28T13:09:45Z"}},"modifiedDate":"2023-12-28T14:53:31Z","testingEvaluationEntity":{"dataResult":{"dataURL":"file:\/\/\/Users\/shaimaathu\/Desktop\/mustadeem\/imageClassifiy\/test\/","classesCount":2,"dataSourceID":"A681007D-DC61-4E32-832D-9958B79A426B","itemsCount":50,"dataAnalysis":{"issues":[{"severity":"debug","description":"2 classes found, including blastic, carton"},{"description":"50 images found, automatically creating validation set","severity":"good"},{"description":"Smallest class is \"carton\" with 25 images","severity":"debug"},{"description":"Largest class is \"blastic\" with 25 images","severity":"debug"}],"summary":{"sampleCount":50,"canUseValidation":1,"classCount":2},"classifierAnalysis":{"labelStats":{"carton":25,"blastic":25}}},"createdDate":"2023-12-28T13:09:45Z"},"accuracy":0.86,"id":"4ccc9a03-d24e-459a-8d95-da55a1f0be93","analysedDataType":"datasource","evaluationResult":{"imageClassifier":{"detail":{"predictions":{"carton":[{"truePositive":{}},[{"actual":"carton","predictions":{"blastic":0.0007691583,"carton":0.99923086},"predicted":"carton","url":"file:\/\/\/Users\/shaimaathu\/Desktop\/mustadeem\/imageClassifiy\/test\/carton\/k.jpeg"},{"predictions":{"carton":0.8854769,"blastic":0.11452309},"url":"file:\/\/\/Users\/shaimaathu\/Desktop\/mustadeem\/imageClassifiy\/test\/carton\/g.jpeg","predicted":"carton","actual":"carton"},{"actual":"carton","url":"file:\/\/\/Users\/shaimaathu\/Desktop\/mustadeem\/imageClassifiy\/test\/carton\/f.jpeg","predictions":{"carton":0.59458256,"blastic":0.4054174},"predicted":"carton"},{"predicted":"carton","actual":"carton","predictions":{"carton":0.99822646,"blastic":0.0017735529},"url":"file:\/\/\/Users\/shaimaathu\/Desktop\/mustadeem\/imageClassifiy\/test\/carton\/j.jpeg"},{"url":"file:\/\/\/Users\/shaimaathu\/Desktop\/mustadeem\/imageClassifiy\/test\/carton\/rt.jpeg","actual":"carton","predicted":"carton","predictions":{"blastic":0.01640418,"carton":0.98359585}},{"predictions":{"carton":0.99987394,"blastic":0.00012604932},"actual":"carton","url":"file:\/\/\/Users\/shaimaathu\/Desktop\/mustadeem\/imageClassifiy\/test\/carton\/t.jpeg","predicted":"carton"},{"predicted":"carton","predictions":{"carton":0.98323286,"blastic":0.016767118},"actual":"carton","url":"file:\/\/\/Users\/shaimaathu\/Desktop\/mustadeem\/imageClassifiy\/test\/carton\/m.jpeg"},{"url":"file:\/\/\/Users\/shaimaathu\/Desktop\/mustadeem\/imageClassifiy\/test\/carton\/l.jpeg","predicted":"carton","predictions":{"carton":0.99960274,"blastic":0.00039725678},"actual":"carton"},{"actual":"carton","url":"file:\/\/\/Users\/shaimaathu\/Desktop\/mustadeem\/imageClassifiy\/test\/carton\/gh.jpeg","predicted":"carton","predictions":{"carton":0.894521,"blastic":0.10547898}},{"predicted":"carton","predictions":{"carton":0.8576044,"blastic":0.14239565},"actual":"carton","url":"file:\/\/\/Users\/shaimaathu\/Desktop\/mustadeem\/imageClassifiy\/test\/carton\/fgh.jpeg"},{"predictions":{"blastic":0.016389482,"carton":0.9836105},"actual":"carton","url":"file:\/\/\/Users\/shaimaathu\/Desktop\/mustadeem\/imageClassifiy\/test\/carton\/u.jpeg","predicted":"carton"},{"predicted":"carton","predictions":{"carton":0.99905294,"blastic":0.00094706984},"actual":"carton","url":"file:\/\/\/Users\/shaimaathu\/Desktop\/mustadeem\/imageClassifiy\/test\/carton\/bnbn.jpeg"},{"predictions":{"blastic":0.028370993,"carton":0.971629},"predicted":"carton","url":"file:\/\/\/Users\/shaimaathu\/Desktop\/mustadeem\/imageClassifiy\/test\/carton\/o.jpeg","actual":"carton"},{"actual":"carton","url":"file:\/\/\/Users\/shaimaathu\/Desktop\/mustadeem\/imageClassifiy\/test\/carton\/images1.jpeg","predicted":"carton","predictions":{"blastic":0.03443797,"carton":0.96556205}},{"predictions":{"blastic":0.22022596,"carton":0.77977407},"predicted":"carton","url":"file:\/\/\/Users\/shaimaathu\/Desktop\/mustadeem\/imageClassifiy\/test\/carton\/ghghjk.jpeg","actual":"carton"},{"predictions":{"blastic":0.14165609,"carton":0.8583439},"url":"file:\/\/\/Users\/shaimaathu\/Desktop\/mustadeem\/imageClassifiy\/test\/carton\/sd.jpeg","predicted":"carton","actual":"carton"},{"url":"file:\/\/\/Users\/shaimaathu\/Desktop\/mustadeem\/imageClassifiy\/test\/carton\/i.jpeg","predicted":"carton","actual":"carton","predictions":{"blastic":0.003368929,"carton":0.9966311}},{"predictions":{"blastic":0.0011845579,"carton":0.9988154},"predicted":"carton","url":"file:\/\/\/Users\/shaimaathu\/Desktop\/mustadeem\/imageClassifiy\/test\/carton\/p.jpeg","actual":"carton"},{"actual":"carton","predicted":"carton","url":"file:\/\/\/Users\/shaimaathu\/Desktop\/mustadeem\/imageClassifiy\/test\/carton\/df.jpeg","predictions":{"carton":0.99228346,"blastic":0.0077165295}},{"predictions":{"carton":0.9983024,"blastic":0.0016976132},"actual":"carton","url":"file:\/\/\/Users\/shaimaathu\/Desktop\/mustadeem\/imageClassifiy\/test\/carton\/h.jpeg","predicted":"carton"}],{"falsePositive":{}},[{"url":"file:\/\/\/Users\/shaimaathu\/Desktop\/mustadeem\/imageClassifiy\/test\/blastic\/%D9%A3%D9%A1.jpeg","predictions":{"carton":0.62610626,"blastic":0.37389374},"actual":"blastic","predicted":"carton"},{"predicted":"carton","url":"file:\/\/\/Users\/shaimaathu\/Desktop\/mustadeem\/imageClassifiy\/test\/blastic\/%D9%A3%D9%A8.jpeg","predictions":{"carton":0.6296289,"blastic":0.37037113},"actual":"blastic"}],{"falseNegative":{}},[{"actual":"carton","predicted":"blastic","predictions":{"carton":0.027194308,"blastic":0.9728057},"url":"file:\/\/\/Users\/shaimaathu\/Desktop\/mustadeem\/imageClassifiy\/test\/carton\/hj.jpeg"},{"url":"file:\/\/\/Users\/shaimaathu\/Desktop\/mustadeem\/imageClassifiy\/test\/carton\/ghjk.jpeg","predictions":{"blastic":0.56309927,"carton":0.43690076},"predicted":"blastic","actual":"carton"},{"predicted":"blastic","url":"file:\/\/\/Users\/shaimaathu\/Desktop\/mustadeem\/imageClassifiy\/test\/carton\/a.jpeg","actual":"carton","predictions":{"blastic":0.54065186,"carton":0.45934817}},{"url":"file:\/\/\/Users\/shaimaathu\/Desktop\/mustadeem\/imageClassifiy\/test\/carton\/bn.jpeg","actual":"carton","predicted":"blastic","predictions":{"carton":0.20342699,"blastic":0.796573}},{"actual":"carton","predictions":{"carton":0.030732065,"blastic":0.96926796},"predicted":"blastic","url":"file:\/\/\/Users\/shaimaathu\/Desktop\/mustadeem\/imageClassifiy\/test\/carton\/imagesdd.jpeg"}]],"blastic":[{"falsePositive":{}},[{"predictions":{"carton":0.027194308,"blastic":0.9728057},"predicted":"blastic","actual":"carton","url":"file:\/\/\/Users\/shaimaathu\/Desktop\/mustadeem\/imageClassifiy\/test\/carton\/hj.jpeg"},{"actual":"carton","predicted":"blastic","predictions":{"carton":0.43690076,"blastic":0.56309927},"url":"file:\/\/\/Users\/shaimaathu\/Desktop\/mustadeem\/imageClassifiy\/test\/carton\/ghjk.jpeg"},{"predictions":{"carton":0.45934817,"blastic":0.54065186},"url":"file:\/\/\/Users\/shaimaathu\/Desktop\/mustadeem\/imageClassifiy\/test\/carton\/a.jpeg","predicted":"blastic","actual":"carton"},{"url":"file:\/\/\/Users\/shaimaathu\/Desktop\/mustadeem\/imageClassifiy\/test\/carton\/bn.jpeg","actual":"carton","predictions":{"blastic":0.796573,"carton":0.20342699},"predicted":"blastic"},{"actual":"carton","predicted":"blastic","url":"file:\/\/\/Users\/shaimaathu\/Desktop\/mustadeem\/imageClassifiy\/test\/carton\/imagesdd.jpeg","predictions":{"carton":0.030732065,"blastic":0.96926796}}],{"falseNegative":{}},[{"actual":"blastic","predictions":{"blastic":0.37389374,"carton":0.62610626},"predicted":"carton","url":"file:\/\/\/Users\/shaimaathu\/Desktop\/mustadeem\/imageClassifiy\/test\/blastic\/%D9%A3%D9%A1.jpeg"},{"predictions":{"blastic":0.37037113,"carton":0.6296289},"url":"file:\/\/\/Users\/shaimaathu\/Desktop\/mustadeem\/imageClassifiy\/test\/blastic\/%D9%A3%D9%A8.jpeg","predicted":"carton","actual":"blastic"}],{"truePositive":{}},[{"predictions":{"blastic":0.9999407,"carton":5.9288668e-05},"predicted":"blastic","actual":"blastic","url":"file:\/\/\/Users\/shaimaathu\/Desktop\/mustadeem\/imageClassifiy\/test\/blastic\/%D9%A4%D9%A0.jpeg"},{"predicted":"blastic","actual":"blastic","predictions":{"blastic":0.7784606,"carton":0.22153935},"url":"file:\/\/\/Users\/shaimaathu\/Desktop\/mustadeem\/imageClassifiy\/test\/blastic\/%D9%A4%D9%A1.jpeg"},{"predictions":{"carton":0.15600418,"blastic":0.8439958},"url":"file:\/\/\/Users\/shaimaathu\/Desktop\/mustadeem\/imageClassifiy\/test\/blastic\/%D9%A3%D9%A6.jpeg","actual":"blastic","predicted":"blastic"},{"predictions":{"carton":0.00010130023,"blastic":0.9998987},"url":"file:\/\/\/Users\/shaimaathu\/Desktop\/mustadeem\/imageClassifiy\/test\/blastic\/%D9%A5%D9%A0.jpeg","predicted":"blastic","actual":"blastic"},{"predicted":"blastic","url":"file:\/\/\/Users\/shaimaathu\/Desktop\/mustadeem\/imageClassifiy\/test\/blastic\/%D9%A4%D9%A6.jpeg","predictions":{"carton":0.2890507,"blastic":0.7109493},"actual":"blastic"},{"url":"file:\/\/\/Users\/shaimaathu\/Desktop\/mustadeem\/imageClassifiy\/test\/blastic\/%D9%A3%D9%A0.jpeg","predicted":"blastic","predictions":{"carton":0.0018177393,"blastic":0.99818224},"actual":"blastic"},{"url":"file:\/\/\/Users\/shaimaathu\/Desktop\/mustadeem\/imageClassifiy\/test\/blastic\/%D9%A4%D9%A7.jpeg","predictions":{"blastic":0.97978383,"carton":0.020216137},"actual":"blastic","predicted":"blastic"},{"predictions":{"carton":0.008915039,"blastic":0.99108493},"actual":"blastic","predicted":"blastic","url":"file:\/\/\/Users\/shaimaathu\/Desktop\/mustadeem\/imageClassifiy\/test\/blastic\/%D9%A5%D9%A1.jpeg"},{"predicted":"blastic","predictions":{"blastic":0.856433,"carton":0.143567},"actual":"blastic","url":"file:\/\/\/Users\/shaimaathu\/Desktop\/mustadeem\/imageClassifiy\/test\/blastic\/%D9%A4%D9%A4.jpeg"},{"actual":"blastic","predictions":{"blastic":0.99462086,"carton":0.005379165},"predicted":"blastic","url":"file:\/\/\/Users\/shaimaathu\/Desktop\/mustadeem\/imageClassifiy\/test\/blastic\/%D9%A5%D9%A2.jpeg"},{"predicted":"blastic","actual":"blastic","url":"file:\/\/\/Users\/shaimaathu\/Desktop\/mustadeem\/imageClassifiy\/test\/blastic\/%D9%A4%D9%A8.jpeg","predictions":{"blastic":0.9985389,"carton":0.0014611158}},{"predictions":{"blastic":0.9855809,"carton":0.014419088},"actual":"blastic","predicted":"blastic","url":"file:\/\/\/Users\/shaimaathu\/Desktop\/mustadeem\/imageClassifiy\/test\/blastic\/%D9%A3%D9%A3.jpeg"},{"predictions":{"carton":0.010424525,"blastic":0.9895755},"actual":"blastic","url":"file:\/\/\/Users\/shaimaathu\/Desktop\/mustadeem\/imageClassifiy\/test\/blastic\/%D9%A4%D9%A9.jpeg","predicted":"blastic"},{"url":"file:\/\/\/Users\/shaimaathu\/Desktop\/mustadeem\/imageClassifiy\/test\/blastic\/%D9%A5%D9%A3.jpeg","actual":"blastic","predicted":"blastic","predictions":{"carton":0.015436508,"blastic":0.98456347}},{"predicted":"blastic","predictions":{"blastic":0.6129594,"carton":0.38704064},"url":"file:\/\/\/Users\/shaimaathu\/Desktop\/mustadeem\/imageClassifiy\/test\/blastic\/%D9%A4%D9%A5.jpeg","actual":"blastic"},{"predictions":{"blastic":0.9447824,"carton":0.05521761},"actual":"blastic","predicted":"blastic","url":"file:\/\/\/Users\/shaimaathu\/Desktop\/mustadeem\/imageClassifiy\/test\/blastic\/%D9%A5.jpeg"},{"actual":"blastic","predictions":{"carton":0.13388422,"blastic":0.86611575},"predicted":"blastic","url":"file:\/\/\/Users\/shaimaathu\/Desktop\/mustadeem\/imageClassifiy\/test\/blastic\/%D9%A3%D9%A5.jpeg"},{"actual":"blastic","url":"file:\/\/\/Users\/shaimaathu\/Desktop\/mustadeem\/imageClassifiy\/test\/blastic\/%D9%A4%D9%A2.jpeg","predictions":{"carton":0.0043041743,"blastic":0.9956958},"predicted":"blastic"},{"actual":"blastic","predicted":"blastic","url":"file:\/\/\/Users\/shaimaathu\/Desktop\/mustadeem\/imageClassifiy\/test\/blastic\/%D9%A5%D9%A4.jpeg","predictions":{"blastic":0.9986814,"carton":0.0013185672}},{"actual":"blastic","predictions":{"carton":0.17347664,"blastic":0.82652336},"predicted":"blastic","url":"file:\/\/\/Users\/shaimaathu\/Desktop\/mustadeem\/imageClassifiy\/test\/blastic\/%D9%A3%D9%A9.jpeg"},{"predictions":{"blastic":0.99264944,"carton":0.0073505617},"predicted":"blastic","url":"file:\/\/\/Users\/shaimaathu\/Desktop\/mustadeem\/imageClassifiy\/test\/blastic\/%D9%A4%D9%A3.jpeg","actual":"blastic"},{"predicted":"blastic","url":"file:\/\/\/Users\/shaimaathu\/Desktop\/mustadeem\/imageClassifiy\/test\/blastic\/%D9%A3%D9%A4.jpeg","actual":"blastic","predictions":{"carton":0.043366343,"blastic":0.9566337}},{"actual":"blastic","predicted":"blastic","url":"file:\/\/\/Users\/shaimaathu\/Desktop\/mustadeem\/imageClassifiy\/test\/blastic\/%D9%A4.jpeg","predictions":{"blastic":0.6945438,"carton":0.3054562}}]]}},"statsByLabel":{"carton":{"precisionRecall":{"success":{"precision":0.9090909090909091,"recall":0.8}},"count":25},"blastic":{"precisionRecall":{"success":{"precision":0.8214285714285714,"recall":0.92}},"count":25}},"confusionMatrix":[{"count":23,"expected":"blastic","actual":"blastic"},{"count":2,"actual":"blastic","expected":"carton"},{"actual":"carton","expected":"blastic","count":5},{"count":20,"expected":"carton","actual":"carton"}],"accuracy":0.86}},"finishTime":"2023-12-28T13:52:12Z","startTime":"2023-12-28T13:52:12Z","dataSourceID":"A681007D-DC61-4E32-832D-9958B79A426B","createdDate":"2023-12-28T13:09:45Z"},"validationEvaluationEntity":{"createdDate":"2023-12-28T13:09:45Z","id":"69aac671-3234-4df6-9bed-af9a76860b86","dataResult":{"createdDate":"2023-12-28T13:09:45Z"},"analysedDataType":"auto","evaluationResult":{"imageClassifier":{"statsByLabel":{"blastic":{"count":7,"precisionRecall":{"success":{"precision":0.7142857142857143,"recall":0.7142857142857143}}},"carton":{"count":7,"precisionRecall":{"success":{"precision":0.7142857142857143,"recall":0.7142857142857143}}}},"confusionMatrix":[{"expected":"blastic","actual":"blastic","count":5},{"count":2,"actual":"blastic","expected":"carton"},{"count":2,"actual":"carton","expected":"blastic"},{"count":5,"actual":"carton","expected":"carton"}],"accuracy":0.7142857142857143}}},"previewType":"imageClassifier","createdDate":"2023-12-28T14:53:31Z","id":"485f631d-d8d2-43b4-b7a8-5fae515c6f1f","evaluationEntities":[{"createdDate":"2023-12-28T13:52:19Z","id":"e71a71b1-9df6-425b-b468-d498b178c1dc","dataResult":{"createdDate":"2023-12-28T14:43:56Z"},"analysedDataType":"none"}]},"snapshotRole":{"withSnapshots":["E7A73E61-6C4F-4767-B1C7-8762758A1459","BFC27CD0-3418-4108-A74A-6D57B5D2D2BA"]},"version":"1.0","preferredFilename":"ImageClassifier 1","validationEntity":{"analysedDataType":"auto","dataResult":{"createdDate":"2023-12-28T13:09:45Z"}},"createdDate":"2023-12-28T13:09:45Z","trainingEntity":{"snapshottableCheckpoints":{"75":{"iteration":75,"modelURL":"file:\/\/\/Users\/shaimaathu\/Library\/Caches\/com.apple.dt.createml\/projects\/1CA70A78-A4AE-4C1D-A145-55A17B1DA7F9b1699c56e3e78a2afdea9a4f848ff38cc5ae058a\/sessions\/checkpoint.sessions\/EAEF1015-F3B4-49D4-8A04-A5CB43670F7C\/training-000000075.checkpoint.model\/checkpointModel.mlmodel","createdDate":"2023-12-28T13:52:10Z"}},"validationAccuracy":0.7142857142857143,"progress":[{"count":2,"isLast":false,"percentComplete":0,"currentRowIndex":0,"tableDone":false,"icTrainingColumnHeader":{"iterationCount":2,"trainingAccuracy":0.7698412698412699,"hasValidation":true,"validationAccuracy":0.7142857142857143,"elapsedTime":0.014700055122375488},"tableIndex":1},{"tableIndex":0,"percentComplete":0,"icTrainingColumnHeader":{"elapsedTime":0.017771005630493164,"iterationCount":3,"hasValidation":true,"trainingAccuracy":0.8095238095238095,"validationAccuracy":0.7857142857142857},"currentRowIndex":0,"isLast":false,"tableDone":false,"count":3},{"currentRowIndex":0,"isLast":false,"tableDone":false,"tableIndex":0,"icTrainingColumnHeader":{"trainingAccuracy":0.8174603174603174,"elapsedTime":0.02072596549987793,"validationAccuracy":0.7857142857142857,"hasValidation":true,"iterationCount":4},"count":4,"percentComplete":0},{"isLast":false,"currentRowIndex":0,"tableDone":false,"percentComplete":0,"count":5,"tableIndex":1,"icTrainingColumnHeader":{"trainingAccuracy":0.8095238095238095,"hasValidation":true,"iterationCount":5,"elapsedTime":0.025609970092773438,"validationAccuracy":0.7142857142857143}},{"currentRowIndex":0,"isLast":false,"tableIndex":0,"tableDone":false,"percentComplete":0,"count":10},{"currentRowIndex":0,"isLast":false,"tableIndex":0,"count":11,"tableDone":true,"icTrainingColumnHeader":{"hasValidation":true,"elapsedTime":0.05359005928039551,"validationAccuracy":0.7142857142857143,"iterationCount":11,"trainingAccuracy":1},"percentComplete":0},{"percentComplete":0,"tableIndex":0,"currentRowIndex":0,"isLast":false,"count":15,"tableDone":false},{"tableDone":true,"percentComplete":0,"tableIndex":0,"count":18,"currentRowIndex":0,"isLast":false,"icTrainingColumnHeader":{"trainingAccuracy":1,"hasValidation":true,"iterationCount":18,"validationAccuracy":0.7857142857142857,"elapsedTime":0.11147201061248779}},{"currentRowIndex":0,"isLast":false,"tableIndex":0,"tableDone":false,"percentComplete":0,"count":20},{"isLast":false,"count":25,"percentComplete":0,"currentRowIndex":0,"tableIndex":0,"tableDone":false},{"isLast":false,"count":30,"tableDone":false,"tableIndex":0,"currentRowIndex":0,"percentComplete":0},{"isLast":false,"tableIndex":0,"percentComplete":0,"currentRowIndex":0,"tableDone":false,"count":35},{"tableDone":false,"count":40,"percentComplete":0,"currentRowIndex":0,"tableIndex":0,"isLast":false},{"currentRowIndex":0,"isLast":false,"percentComplete":0,"tableDone":false,"count":45,"tableIndex":0},{"currentRowIndex":0,"isLast":false,"tableDone":false,"count":50,"percentComplete":0,"tableIndex":0},{"tableIndex":0,"currentRowIndex":0,"percentComplete":0,"tableDone":false,"count":55,"isLast":false},{"tableIndex":0,"tableDone":false,"isLast":false,"count":60,"percentComplete":0,"currentRowIndex":0},{"tableIndex":0,"tableDone":false,"count":65,"isLast":false,"percentComplete":0,"currentRowIndex":0},{"currentRowIndex":0,"tableIndex":0,"isLast":false,"count":70,"tableDone":true,"percentComplete":0}],"dataResult":{"dataAnalysis":{"classifierAnalysis":{"labelStats":{"blastic":35,"carton":35}},"summary":{"canUseValidation":1,"classCount":2,"sampleCount":70},"issues":[{"description":"2 classes found, including blastic, carton","severity":"debug"},{"severity":"good","description":"70 images found, automatically creating validation set"},{"severity":"debug","description":"Smallest class is \"carton\" with 35 images"},{"description":"Largest class is \"blastic\" with 35 images","severity":"debug"}]},"dataSourceID":"141048F7-2682-4337-8149-045E0094FE5E","createdDate":"2023-12-28T13:09:45Z","dataURL":"file:\/\/\/Users\/shaimaathu\/Desktop\/mustadeem\/imageClassifiy\/training\/","classesCount":2,"itemsCount":70},"analysedDataType":"datasource","resumableCheckpointURL":"Checkpoints\/EAEF1015-F3B4-49D4-8A04-A5CB43670F7C.ImageClassifier1.checkpoint","dataSourceID":"141048F7-2682-4337-8149-045E0094FE5E","startTime":"2023-12-28T13:52:09Z","snapshottableCheckpointModelURL":"Checkpoints\/EAEF1015-F3B4-49D4-8A04-A5CB43670F7C.ImageClassifier1.checkpoint\/training-000000075.checkpoint.model\/checkpointModel.mlmodel","resumableCheckpoint":{"checkpointURL":"file:\/\/\/Users\/shaimaathu\/Library\/Caches\/com.apple.dt.createml\/projects\/1CA70A78-A4AE-4C1D-A145-55A17B1DA7F9b1699c56e3e78a2afdea9a4f848ff38cc5ae058a\/sessions\/checkpoint.sessions\/EAEF1015-F3B4-49D4-8A04-A5CB43670F7C\/training-000000075.checkpoint","iteration":75,"createdDate":"2023-12-28T13:52:10Z"},"validationResults":{"imageClassifier":{"accuracy":0.7142857142857143,"statsByLabel":{"carton":{"count":7,"precisionRecall":{"success":{"precision":0.7142857142857143,"recall":0.7142857142857143}}},"blastic":{"precisionRecall":{"success":{"recall":0.7142857142857143,"precision":0.7142857142857143}},"count":7}},"confusionMatrix":[{"count":5,"actual":"blastic","expected":"blastic"},{"expected":"carton","count":2,"actual":"blastic"},{"actual":"carton","expected":"blastic","count":2},{"count":5,"actual":"carton","expected":"carton"}]}},"finishTime":"2023-12-28T13:52:10Z","checkpointMetrics":{"75":{"iteration":75,"createdDate":"2023-12-28T13:52:10Z","metrics":{}},"25":{"metrics":{},"createdDate":"2023-12-28T13:25:38Z","iteration":25},"50":{"metrics":{},"iteration":50,"createdDate":"2023-12-28T13:51:14Z"}},"trainingResults":{"imageClassifier":{"accuracy":1,"statsByLabel":{"carton":{"count":63,"precisionRecall":{"success":{"precision":1,"recall":1}}},"blastic":{"precisionRecall":{"success":{"precision":1,"recall":1}},"count":63}},"confusionMatrix":[{"count":63,"actual":"blastic","expected":"blastic"},{"count":63,"actual":"carton","expected":"carton"}]}},"trainingAccuracy":1,"featureExtractionCheckpointMayBeAvailable":false},"title":"ImageClassifier 1","modifiedDate":"2023-12-28T14:53:31Z","id":"EAEF1015-F3B4-49D4-8A04-A5CB43670F7C","state":"trained","modelEntity":{"version":"1.0","id":"BB506F8D-F98D-467F-9700-92E3DFC27FD7","createdDate":"2023-12-28T13:09:45Z","title":"","modifiedDate":"2023-12-28T13:09:45Z","experimentID":"EAEF1015-F3B4-49D4-8A04-A5CB43670F7C","modelURL":"Models\/ImageClassifier%201.mlmodel","preferredFilename":""},"contentDataResult":{"createdDate":"2023-12-28T13:09:45Z"},"settingEntity":{"harVideoAugmentations":0,"handActionClassifierAugmentations":[],"handPoseClassifierAugmentations":[],"featureExtractorType":"scenePrintV1","taskType":"imageClassifier","augmentations":["addNoise","blur","expose","flip","rotate","crop"],"featureNames":[],"seedType":"default","algorithmType":"maxEnt","iterationCount":65,"transferLearningEmbeddingType":"dynamic","styleTransferAlgorithmType":"image"},"activityEntities":["trainingExtended",[{"title":"Training Extended","createdDate":"2023-12-28T13:51:13Z","id":"E0BBA304-660C-49FF-B915-8F1D95E96EB5","event":"trainingExtended","subtitle":"20 more iterations"},{"subtitle":"20 more iterations","createdDate":"2023-12-28T13:52:09Z","event":"trainingExtended","title":"Training Extended","id":"24D17102-83C8-4262-AC31-C012B5FE350D"}],"trainingDataAdded",[{"subtitle":"training","event":"trainingDataAdded","title":"Training Data Added","id":"23EF5E79-AE82-4C73-AD0F-5AD4D967C6EA","createdDate":"2023-12-28T13:10:37Z"}],"snapshotCreated",[{"id":"E7B6ACF0-D0E8-417D-8EE5-55433DEB2051","subtitle":"Snapshot created at iteration 25","createdDate":"2023-12-28T13:51:13Z","event":"snapshotCreated","title":"Snapshot Saved"},{"title":"Snapshot Saved","event":"snapshotCreated","id":"368F1C21-88D4-44DB-A9E5-BECD4CED8811","subtitle":"Snapshot created at iteration 50","createdDate":"2023-12-28T13:52:09Z"}],"evaluationStarted",[{"title":"Testing Started","subtitle":"ImageClassifier 1","createdDate":"2023-12-28T13:25:40Z","event":"evaluationStarted","id":"AD646219-0785-4E80-B154-A593CAC802F0"},{"event":"evaluationStarted","title":"Testing Started","subtitle":"ImageClassifier 1","id":"BA8A41B1-3A32-471A-8F1A-5FFD46EE5030","createdDate":"2023-12-28T13:51:16Z"},{"title":"Testing Started","id":"8BA3D436-6592-4C23-9E34-EDB074371309","subtitle":"ImageClassifier 1","createdDate":"2023-12-28T13:52:12Z","event":"evaluationStarted"}],"experimentCreated",[{"event":"experimentCreated","subtitle":"ImageClassifier 1","createdDate":"2023-12-28T13:09:45Z","title":"Model Source Created","id":"AD94178B-7C12-4654-A755-4AE738AABFE0"}],"evaluationFinished",[{"id":"91BB1986-3353-42DB-9086-B2939F98735F","subtitle":"ImageClassifier 1","event":"evaluationFinished","title":"Testing Completed","createdDate":"2023-12-28T13:25:41Z"},{"createdDate":"2023-12-28T13:51:16Z","id":"AEE3EBAF-84F5-41CA-8AF3-8A7584B0F17B","event":"evaluationFinished","title":"Testing Completed","subtitle":"ImageClassifier 1"},{"createdDate":"2023-12-28T13:52:12Z","id":"3494D518-AA60-4DB2-ADFE-50F561A4B5E5","subtitle":"ImageClassifier 1","event":"evaluationFinished","title":"Testing Completed"}],"trainingFinished",[{"title":"Training Completed","subtitle":"Model converged at 18 iterations","event":"trainingFinished","createdDate":"2023-12-28T13:52:10Z","id":"347B4041-9A9D-4011-868B-E4C19DEC7417"}],"trainingStarted",[{"id":"AB4CE29C-6D0D-4EAE-BA08-3722AD086928","createdDate":"2023-12-28T13:25:35Z","title":"Training Started","subtitle":"25 iterations","event":"trainingStarted"}]],"evaluationEntity":{"id":"011c8270-0a86-493d-a8de-e6361917f2fc","dataResult":{},"analysedDataType":"none"}}