{"dataURL":"file:\/\/\/Users\/shaimaathu\/Desktop\/mustadeem\/imageClassifiy\/","modifiedDate":"2023-12-28T13:10:21Z","pathType":0,"dataPathRelativeToProjectURL":"..\/imageClassifiy\/","createdDate":"2023-12-28T13:10:21Z","activityEntities":["dataSourceCreated",[{"subtitle":"imageClassifiy","title":"Data Source Created","event":"dataSourceCreated","id":"00644B11-2C81-4D1F-B3A9-044D5B16D613","createdDate":"2023-12-28T13:10:21Z"}]],"version":"1.0","id":"C17C3FEF-E6BB-402E-B7E8-A58BA93B0F75","dataResult":{"dataSourceID":"C17C3FEF-E6BB-402E-B7E8-A58BA93B0F75","createdDate":"2023-12-28T13:10:21Z","dataURL":"file:\/\/\/Users\/shaimaathu\/Desktop\/mustadeem\/imageClassifiy\/"},"title":"imageClassifiy","experimentIDs":["EAEF1015-F3B4-49D4-8A04-A5CB43670F7C"],"preferredFilename":"imageClassifiy"}