{"dataURL":"file:\/\/\/Users\/shaimaathu\/Desktop\/mustadeem\/imageClassifiy\/training\/","modifiedDate":"2023-12-28T14:44:00Z","pathType":0,"dataPathRelativeToProjectURL":"..\/imageClassifiy\/training\/","createdDate":"2023-12-28T13:10:37Z","activityEntities":["dataSourceTrainingStarted",[{"event":"dataSourceTrainingStarted","id":"B9A44AC9-A037-4E41-B252-7EF20ACD6660","subtitle":"ImageClassifier 1","title":"Used By","createdDate":"2023-12-28T13:25:35Z"},{"event":"dataSourceTrainingStarted","subtitle":"ImageClassifier 1","createdDate":"2023-12-28T13:51:13Z","id":"90038A3E-003F-44D5-A342-06CE0E7E7FE7","title":"Used By"},{"subtitle":"ImageClassifier 1","id":"71A5DF6A-1DD5-4D7C-AC90-346B0625EEC8","event":"dataSourceTrainingStarted","title":"Used By","createdDate":"2023-12-28T13:52:09Z"}],"dataSourceCreated",[{"title":"Data Source Created","createdDate":"2023-12-28T13:10:37Z","subtitle":"training","id":"AE2093B3-5A05-4E97-BF45-B7CDBDB821D1","event":"dataSourceCreated"}],"dataSourceMetrics",[{"createdDate":"2023-12-28T13:25:35Z","event":"dataSourceMetrics","subtitle":"2 Classes, 70 Items","title":"Data Summary","id":"B3802048-A8B2-482E-86FE-5123082CBBC0"},{"title":"Data Summary","subtitle":"2 Classes, 70 Items","id":"BF56D52A-EDD8-48C1-9FE8-385C6917945D","event":"dataSourceMetrics","createdDate":"2023-12-28T13:51:13Z"},{"createdDate":"2023-12-28T13:52:09Z","event":"dataSourceMetrics","title":"Data Summary","id":"7D442532-EA23-4303-ACE5-0C2ED1C76FDE","subtitle":"2 Classes, 70 Items"}]],"version":"1.0","id":"141048F7-2682-4337-8149-045E0094FE5E","dataResult":{"dataSourceID":"141048F7-2682-4337-8149-045E0094FE5E","dataAnalysis":{"issues":[{"description":"2 classes found, including blastic, carton","severity":"debug"},{"severity":"good","description":"79 images found, automatically creating validation set"},{"description":"Smallest class is \"carton\" with 39 images","severity":"debug"},{"severity":"debug","description":"Largest class is \"blastic\" with 40 images"}],"summary":{"sampleCount":79,"canUseValidation":1,"classCount":2},"classifierAnalysis":{"labelStats":{"blastic":40,"carton":39}}},"classesCount":2,"createdDate":"2023-12-28T13:10:37Z","itemsCount":79,"dataURL":"file:\/\/\/Users\/shaimaathu\/Desktop\/mustadeem\/imageClassifiy\/training\/"},"title":"training","experimentIDs":["EAEF1015-F3B4-49D4-8A04-A5CB43670F7C"],"preferredFilename":"training"}