[{"featureShape":[2048],"annotation":"blastic"},{"annotation":"blastic","featureShape":[2048]},{"annotation":"blastic","featureShape":[2048]},{"featureShape":[2048],"annotation":"blastic"},{"annotation":"blastic","featureShape":[2048]},{"featureShape":[2048],"annotation":"blastic"},{"featureShape":[2048],"annotation":"blastic"},{"annotation":"blastic","featureShape":[2048]},{"annotation":"blastic","featureShape":[2048]},{"featureShape":[2048],"annotation":"blastic"},{"featureShape":[2048],"annotation":"blastic"},{"featureShape":[2048],"annotation":"blastic"},{"annotation":"blastic","featureShape":[2048]},{"annotation":"blastic","featureShape":[2048]},{"annotation":"blastic","featureShape":[2048]},{"featureShape":[2048],"annotation":"blastic"},{"annotation":"blastic","featureShape":[2048]},{"featureShape":[2048],"annotation":"blastic"},{"featureShape":[2048],"annotation":"blastic"},{"annotation":"blastic","featureShape":[2048]},{"featureShape":[2048],"annotation":"blastic"},{"annotation":"blastic","featureShape":[2048]},{"featureShape":[2048],"annotation":"blastic"},{"featureShape":[2048],"annotation":"blastic"},{"featureShape":[2048],"annotation":"blastic"},{"featureShape":[2048],"annotation":"blastic"},{"featureShape":[2048],"annotation":"blastic"},{"featureShape":[2048],"annotation":"blastic"},{"annotation":"blastic","featureShape":[2048]},{"featureShape":[2048],"annotation":"blastic"},{"annotation":"blastic","featureShape":[2048]},{"annotation":"blastic","featureShape":[2048]},{"annotation":"blastic","featureShape":[2048]},{"featureShape":[2048],"annotation":"blastic"},{"annotation":"blastic","featureShape":[2048]},{"annotation":"blastic","featureShape":[2048]},{"featureShape":[2048],"annotation":"blastic"},{"annotation":"blastic","featureShape":[2048]},{"featureShape":[2048],"annotation":"blastic"},{"featureShape":[2048],"annotation":"blastic"},{"featureShape":[2048],"annotation":"blastic"},{"featureShape":[2048],"annotation":"blastic"},{"annotation":"blastic","featureShape":[2048]},{"featureShape":[2048],"annotation":"blastic"},{"featureShape":[2048],"annotation":"blastic"},{"featureShape":[2048],"annotation":"blastic"},{"featureShape":[2048],"annotation":"blastic"},{"featureShape":[2048],"annotation":"blastic"},{"featureShape":[2048],"annotation":"blastic"},{"featureShape":[2048],"annotation":"blastic"},{"featureShape":[2048],"annotation":"blastic"},{"featureShape":[2048],"annotation":"blastic"},{"annotation":"blastic","featureShape":[2048]},{"featureShape":[2048],"annotation":"blastic"},{"featureShape":[2048],"annotation":"blastic"},{"featureShape":[2048],"annotation":"blastic"},{"annotation":"blastic","featureShape":[2048]},{"annotation":"blastic","featureShape":[2048]},{"featureShape":[2048],"annotation":"blastic"},{"annotation":"blastic","featureShape":[2048]},{"featureShape":[2048],"annotation":"blastic"},{"featureShape":[2048],"annotation":"blastic"},{"featureShape":[2048],"annotation":"blastic"},{"featureShape":[2048],"annotation":"blastic"},{"annotation":"blastic","featureShape":[2048]},{"annotation":"blastic","featureShape":[2048]},{"featureShape":[2048],"annotation":"blastic"},{"annotation":"blastic","featureShape":[2048]},{"featureShape":[2048],"annotation":"blastic"},{"annotation":"blastic","featureShape":[2048]},{"annotation":"blastic","featureShape":[2048]},{"featureShape":[2048],"annotation":"blastic"},{"featureShape":[2048],"annotation":"blastic"},{"featureShape":[2048],"annotation":"blastic"},{"featureShape":[2048],"annotation":"blastic"},{"featureShape":[2048],"annotation":"blastic"},{"annotation":"blastic","featureShape":[2048]},{"featureShape":[2048],"annotation":"blastic"},{"featureShape":[2048],"annotation":"blastic"},{"featureShape":[2048],"annotation":"blastic"},{"annotation":"blastic","featureShape":[2048]},{"annotation":"blastic","featureShape":[2048]},{"featureShape":[2048],"annotation":"blastic"},{"featureShape":[2048],"annotation":"blastic"},{"featureShape":[2048],"annotation":"blastic"},{"featureShape":[2048],"annotation":"blastic"},{"featureShape":[2048],"annotation":"blastic"},{"featureShape":[2048],"annotation":"blastic"},{"annotation":"blastic","featureShape":[2048]},{"featureShape":[2048],"annotation":"blastic"},{"featureShape":[2048],"annotation":"carton"},{"annotation":"carton","featureShape":[2048]},{"featureShape":[2048],"annotation":"carton"},{"annotation":"carton","featureShape":[2048]},{"featureShape":[2048],"annotation":"carton"},{"annotation":"carton","featureShape":[2048]},{"featureShape":[2048],"annotation":"carton"},{"featureShape":[2048],"annotation":"carton"},{"featureShape":[2048],"annotation":"carton"},{"featureShape":[2048],"annotation":"carton"},{"featureShape":[2048],"annotation":"carton"},{"annotation":"carton","featureShape":[2048]},{"featureShape":[2048],"annotation":"carton"},{"featureShape":[2048],"annotation":"carton"},{"annotation":"carton","featureShape":[2048]},{"featureShape":[2048],"annotation":"carton"},{"featureShape":[2048],"annotation":"carton"},{"annotation":"carton","featureShape":[2048]},{"featureShape":[2048],"annotation":"carton"},{"featureShape":[2048],"annotation":"carton"},{"featureShape":[2048],"annotation":"carton"},{"annotation":"carton","featureShape":[2048]},{"annotation":"carton","featureShape":[2048]},{"annotation":"carton","featureShape":[2048]},{"annotation":"carton","featureShape":[2048]},{"annotation":"carton","featureShape":[2048]},{"featureShape":[2048],"annotation":"carton"},{"featureShape":[2048],"annotation":"carton"},{"featureShape":[2048],"annotation":"carton"},{"annotation":"carton","featureShape":[2048]},{"annotation":"carton","featureShape":[2048]},{"annotation":"carton","featureShape":[2048]},{"featureShape":[2048],"annotation":"carton"},{"annotation":"carton","featureShape":[2048]},{"featureShape":[2048],"annotation":"carton"},{"featureShape":[2048],"annotation":"carton"},{"featureShape":[2048],"annotation":"carton"},{"featureShape":[2048],"annotation":"carton"},{"annotation":"carton","featureShape":[2048]},{"featureShape":[2048],"annotation":"carton"},{"annotation":"carton","featureShape":[2048]},{"annotation":"carton","featureShape":[2048]},{"annotation":"carton","featureShape":[2048]},{"featureShape":[2048],"annotation":"carton"},{"annotation":"carton","featureShape":[2048]},{"featureShape":[2048],"annotation":"carton"},{"featureShape":[2048],"annotation":"carton"},{"annotation":"carton","featureShape":[2048]},{"annotation":"carton","featureShape":[2048]},{"featureShape":[2048],"annotation":"carton"},{"annotation":"carton","featureShape":[2048]},{"annotation":"carton","featureShape":[2048]},{"annotation":"carton","featureShape":[2048]},{"featureShape":[2048],"annotation":"carton"},{"featureShape":[2048],"annotation":"carton"},{"featureShape":[2048],"annotation":"carton"},{"featureShape":[2048],"annotation":"carton"},{"annotation":"carton","featureShape":[2048]},{"annotation":"carton","featureShape":[2048]},{"featureShape":[2048],"annotation":"carton"},{"annotation":"carton","featureShape":[2048]},{"annotation":"carton","featureShape":[2048]},{"featureShape":[2048],"annotation":"carton"},{"featureShape":[2048],"annotation":"carton"},{"annotation":"carton","featureShape":[2048]},{"annotation":"carton","featureShape":[2048]},{"featureShape":[2048],"annotation":"carton"},{"featureShape":[2048],"annotation":"carton"},{"featureShape":[2048],"annotation":"carton"},{"featureShape":[2048],"annotation":"carton"},{"featureShape":[2048],"annotation":"carton"},{"featureShape":[2048],"annotation":"carton"},{"annotation":"carton","featureShape":[2048]},{"featureShape":[2048],"annotation":"carton"},{"featureShape":[2048],"annotation":"carton"},{"annotation":"carton","featureShape":[2048]},{"annotation":"carton","featureShape":[2048]},{"annotation":"carton","featureShape":[2048]},{"annotation":"carton","featureShape":[2048]},{"annotation":"carton","featureShape":[2048]},{"featureShape":[2048],"annotation":"carton"},{"annotation":"carton","featureShape":[2048]},{"featureShape":[2048],"annotation":"carton"},{"featureShape":[2048],"annotation":"carton"},{"annotation":"carton","featureShape":[2048]},{"featureShape":[2048],"annotation":"carton"},{"featureShape":[2048],"annotation":"carton"},{"annotation":"carton","featureShape":[2048]},{"annotation":"carton","featureShape":[2048]},{"annotation":"carton","featureShape":[2048]}]