{"preferredFilename":"imClassifir 1","evaluationEntity":{"id":"313f0083-192d-4e0c-a7cd-4d969276392e","analysedDataType":"none","dataResult":{}},"modelEntity":{"id":"FF387035-E267-4450-88F7-95BCBDDF8F0E","version":"1.0","preferredFilename":"","modifiedDate":"2023-12-28T14:56:29Z","experimentID":"D7AB35B2-A4E0-44D5-A997-30979CCAF5B8","title":"","createdDate":"2023-12-28T14:56:29Z","modelURL":"Models\/imClassifir%201.mlmodel"},"settingEntity":{"styleTransferAlgorithmType":"image","handActionClassifierAugmentations":[],"handPoseClassifierAugmentations":[],"algorithmType":"maxEnt","harVideoAugmentations":0,"iterationCount":25,"featureExtractorType":"scenePrintV1","seedType":"default","taskType":"imageClassifier","augmentations":["flip","crop","rotate","addNoise","blur","expose"],"transferLearningEmbeddingType":"dynamic","featureNames":[]},"modifiedDate":"2024-01-02T09:30:21Z","version":"1.0","activityEntities":["trainingStarted",[{"event":"trainingStarted","id":"1D162D04-9A68-44D8-A645-6C6F62BC297A","title":"Training Started","createdDate":"2023-12-28T16:29:59Z","subtitle":"25 iterations"}],"trainingDataAdded",[{"subtitle":"training","createdDate":"2023-12-28T16:29:27Z","title":"Training Data Added","id":"3F7165CD-7522-4E1A-B618-5AC37D7667C9","event":"trainingDataAdded"}],"trainingFinished",[{"id":"E14E9422-3AD5-44A3-8154-1B9A90E0EBAC","subtitle":"Model converged at 12 iterations","createdDate":"2023-12-28T16:30:01Z","event":"trainingFinished","title":"Training Completed"}],"evaluationStarted",[{"event":"evaluationStarted","id":"F8207D7D-C1CB-48FF-B737-6EBBE45A5F84","subtitle":"imClassifir 1","title":"Testing Started","createdDate":"2023-12-28T16:30:03Z"}],"evaluationFinished",[{"createdDate":"2023-12-28T16:30:04Z","title":"Testing Completed","event":"evaluationFinished","subtitle":"imClassifir 1","id":"7A9AA020-CCD4-4825-A0CA-4A7DCB067915"}],"experimentCreated",[{"event":"experimentCreated","id":"67351A5D-6CE4-4A73-A1C8-DFEDC584EADA","title":"Model Source Created","subtitle":"imClassifir 1","createdDate":"2023-12-28T14:56:29Z"}]],"title":"imClassifir 1","state":"trained","createdDate":"2023-12-28T14:56:29Z","evaluationState":"evaluated","id":"D7AB35B2-A4E0-44D5-A997-30979CCAF5B8","validationEntity":{"dataResult":{"createdDate":"2023-12-28T14:56:29Z"},"analysedDataType":"auto"},"evaluationContainerEntity":{"trainingEvaluationEntity":{"analysedDataType":"none","id":"b26c0567-9368-45cf-8858-310deb687075","dataResult":{"classesCount":2,"itemsCount":90,"dataSourceID":"1DCD56F8-D4B5-4A9D-9785-DCFEB36AB563","createdDate":"2023-12-28T14:56:29Z","dataAnalysis":{"classifierAnalysis":{"labelStats":{"blastic":45,"carton":45}},"issues":[{"description":"2 classes found, including carton, blastic","severity":"debug"},{"severity":"good","description":"90 images found, automatically creating validation set"},{"severity":"debug","description":"Smallest class is \"blastic\" with 45 images"},{"severity":"debug","description":"Largest class is \"carton\" with 45 images"}],"summary":{"canUseValidation":1,"classCount":2,"sampleCount":90}},"dataURL":"file:\/\/\/Users\/shaimaathu\/Desktop\/mustadeem\/imageClassifiy\/training\/"},"evaluationResult":{"imageClassifier":{"accuracy":0.9444444444444444,"statsByLabel":{"carton":{"precisionRecall":{"success":{"precision":0.95,"recall":0.9382716049382716}},"count":81},"blastic":{"count":81,"precisionRecall":{"success":{"precision":0.9390243902439024,"recall":0.9506172839506173}}}},"confusionMatrix":[{"count":77,"actual":"blastic","expected":"blastic"},{"count":4,"actual":"blastic","expected":"carton"},{"actual":"carton","count":5,"expected":"blastic"},{"actual":"carton","expected":"carton","count":76}]}},"createdDate":"2023-12-28T14:56:29Z","dataSourceID":"1DCD56F8-D4B5-4A9D-9785-DCFEB36AB563"},"modifiedDate":"2024-01-02T09:30:21Z","validationEvaluationEntity":{"createdDate":"2023-12-28T14:56:29Z","id":"01e8fe7f-aba0-40fe-8867-4a4c2dfbbc02","dataResult":{"createdDate":"2023-12-28T14:56:29Z"},"evaluationResult":{"imageClassifier":{"statsByLabel":{"blastic":{"count":9,"precisionRecall":{"success":{"recall":0.6666666666666666,"precision":0.6666666666666666}}},"carton":{"precisionRecall":{"success":{"recall":0.6666666666666666,"precision":0.6666666666666666}},"count":9}},"accuracy":0.6666666666666666,"confusionMatrix":[{"expected":"blastic","actual":"blastic","count":6},{"expected":"carton","count":3,"actual":"blastic"},{"expected":"blastic","count":3,"actual":"carton"},{"actual":"carton","count":6,"expected":"carton"}]}},"analysedDataType":"auto"},"createdDate":"2024-01-02T09:30:21Z","id":"ca676248-7f9b-428e-98b8-cfe8b5ef384e","testingEvaluationEntity":{"dataResult":{"itemsCount":55,"createdDate":"2023-12-28T14:56:29Z","dataAnalysis":{"classifierAnalysis":{"labelStats":{"carton":25,"blastic":30}},"issues":[{"description":"2 classes found, including blastic, carton","severity":"debug"},{"severity":"good","description":"55 images found, automatically creating validation set"},{"severity":"debug","description":"Smallest class is \"carton\" with 25 images"},{"severity":"debug","description":"Largest class is \"blastic\" with 30 images"}],"summary":{"canUseValidation":1,"classCount":2,"sampleCount":55}},"dataSourceID":"2F543AEA-0B23-4EDB-AD53-87E08C854D39","classesCount":2,"dataURL":"file:\/\/\/Users\/shaimaathu\/Desktop\/mustadeem\/imageClassifiy\/test\/"},"finishTime":"2023-12-28T16:30:04Z","analysedDataType":"datasource","evaluationResult":{"imageClassifier":{"detail":{"predictions":{"carton":[{"falsePositive":{}},[{"url":"file:\/\/\/Users\/shaimaathu\/Desktop\/mustadeem\/imageClassifiy\/test\/blastic\/%D9%A4%D9%A6.jpeg","predicted":"carton","predictions":{"blastic":0.29015735,"carton":0.7098427},"actual":"blastic"},{"predictions":{"blastic":0.47231722,"carton":0.5276828},"actual":"blastic","predicted":"carton","url":"file:\/\/\/Users\/shaimaathu\/Desktop\/mustadeem\/imageClassifiy\/test\/blastic\/%D8%8C%D8%B2%D9%88%D8%B2.jpeg"},{"predictions":{"blastic":0.08141859,"carton":0.9185814},"predicted":"carton","actual":"blastic","url":"file:\/\/\/Users\/shaimaathu\/Desktop\/mustadeem\/imageClassifiy\/test\/blastic\/%D9%A4%D9%A5.jpeg"}],{"truePositive":{}},[{"predicted":"carton","predictions":{"carton":0.9984885,"blastic":0.001511534},"url":"file:\/\/\/Users\/shaimaathu\/Desktop\/mustadeem\/imageClassifiy\/test\/carton\/k.jpeg","actual":"carton"},{"predictions":{"carton":0.6228109,"blastic":0.3771891},"url":"file:\/\/\/Users\/shaimaathu\/Desktop\/mustadeem\/imageClassifiy\/test\/carton\/g.jpeg","actual":"carton","predicted":"carton"},{"actual":"carton","url":"file:\/\/\/Users\/shaimaathu\/Desktop\/mustadeem\/imageClassifiy\/test\/carton\/j.jpeg","predicted":"carton","predictions":{"blastic":0.00029415838,"carton":0.99970585}},{"actual":"carton","predicted":"carton","url":"file:\/\/\/Users\/shaimaathu\/Desktop\/mustadeem\/imageClassifiy\/test\/carton\/rt.jpeg","predictions":{"carton":0.9975095,"blastic":0.0024905107}},{"url":"file:\/\/\/Users\/shaimaathu\/Desktop\/mustadeem\/imageClassifiy\/test\/carton\/t.jpeg","predictions":{"carton":0.99929374,"blastic":0.0007062614},"predicted":"carton","actual":"carton"},{"predictions":{"blastic":0.10212042,"carton":0.8978796},"url":"file:\/\/\/Users\/shaimaathu\/Desktop\/mustadeem\/imageClassifiy\/test\/carton\/ghjk.jpeg","predicted":"carton","actual":"carton"},{"predicted":"carton","url":"file:\/\/\/Users\/shaimaathu\/Desktop\/mustadeem\/imageClassifiy\/test\/carton\/a.jpeg","predictions":{"carton":0.9486137,"blastic":0.05138629},"actual":"carton"},{"url":"file:\/\/\/Users\/shaimaathu\/Desktop\/mustadeem\/imageClassifiy\/test\/carton\/bn.jpeg","actual":"carton","predictions":{"carton":0.99953836,"blastic":0.00046163917},"predicted":"carton"},{"predictions":{"blastic":0.0021290914,"carton":0.9978709},"actual":"carton","url":"file:\/\/\/Users\/shaimaathu\/Desktop\/mustadeem\/imageClassifiy\/test\/carton\/m.jpeg","predicted":"carton"},{"url":"file:\/\/\/Users\/shaimaathu\/Desktop\/mustadeem\/imageClassifiy\/test\/carton\/l.jpeg","predictions":{"carton":0.9998287,"blastic":0.0001713086},"actual":"carton","predicted":"carton"},{"predictions":{"carton":0.99811214,"blastic":0.001887851},"predicted":"carton","actual":"carton","url":"file:\/\/\/Users\/shaimaathu\/Desktop\/mustadeem\/imageClassifiy\/test\/carton\/u.jpeg"},{"url":"file:\/\/\/Users\/shaimaathu\/Desktop\/mustadeem\/imageClassifiy\/test\/carton\/bnbn.jpeg","predicted":"carton","actual":"carton","predictions":{"blastic":3.5265355e-05,"carton":0.9999647}},{"predictions":{"carton":0.9316868,"blastic":0.06831319},"actual":"carton","predicted":"carton","url":"file:\/\/\/Users\/shaimaathu\/Desktop\/mustadeem\/imageClassifiy\/test\/carton\/o.jpeg"},{"actual":"carton","predicted":"carton","predictions":{"blastic":0.015047016,"carton":0.984953},"url":"file:\/\/\/Users\/shaimaathu\/Desktop\/mustadeem\/imageClassifiy\/test\/carton\/images1.jpeg"},{"predicted":"carton","predictions":{"blastic":0.082031995,"carton":0.91796803},"actual":"carton","url":"file:\/\/\/Users\/shaimaathu\/Desktop\/mustadeem\/imageClassifiy\/test\/carton\/ghghjk.jpeg"},{"predicted":"carton","url":"file:\/\/\/Users\/shaimaathu\/Desktop\/mustadeem\/imageClassifiy\/test\/carton\/sd.jpeg","actual":"carton","predictions":{"carton":0.65163076,"blastic":0.34836924}},{"predictions":{"blastic":0.010928201,"carton":0.9890718},"actual":"carton","predicted":"carton","url":"file:\/\/\/Users\/shaimaathu\/Desktop\/mustadeem\/imageClassifiy\/test\/carton\/i.jpeg"},{"predictions":{"carton":0.9986901,"blastic":0.0013098493},"actual":"carton","url":"file:\/\/\/Users\/shaimaathu\/Desktop\/mustadeem\/imageClassifiy\/test\/carton\/p.jpeg","predicted":"carton"},{"predicted":"carton","predictions":{"carton":0.99975663,"blastic":0.0002433648},"url":"file:\/\/\/Users\/shaimaathu\/Desktop\/mustadeem\/imageClassifiy\/test\/carton\/df.jpeg","actual":"carton"},{"predicted":"carton","actual":"carton","url":"file:\/\/\/Users\/shaimaathu\/Desktop\/mustadeem\/imageClassifiy\/test\/carton\/h.jpeg","predictions":{"blastic":0.18449187,"carton":0.8155081}}],{"falseNegative":{}},[{"url":"file:\/\/\/Users\/shaimaathu\/Desktop\/mustadeem\/imageClassifiy\/test\/carton\/hj.jpeg","actual":"carton","predicted":"blastic","predictions":{"carton":0.012205692,"blastic":0.9877943}},{"predicted":"blastic","predictions":{"blastic":0.65840757,"carton":0.34159243},"actual":"carton","url":"file:\/\/\/Users\/shaimaathu\/Desktop\/mustadeem\/imageClassifiy\/test\/carton\/f.jpeg"},{"predictions":{"carton":0.4698708,"blastic":0.5301292},"predicted":"blastic","url":"file:\/\/\/Users\/shaimaathu\/Desktop\/mustadeem\/imageClassifiy\/test\/carton\/gh.jpeg","actual":"carton"},{"actual":"carton","predictions":{"blastic":0.7038516,"carton":0.29614842},"url":"file:\/\/\/Users\/shaimaathu\/Desktop\/mustadeem\/imageClassifiy\/test\/carton\/fgh.jpeg","predicted":"blastic"},{"url":"file:\/\/\/Users\/shaimaathu\/Desktop\/mustadeem\/imageClassifiy\/test\/carton\/imagesdd.jpeg","predicted":"blastic","predictions":{"carton":0.08253878,"blastic":0.9174612},"actual":"carton"}]],"blastic":[{"falsePositive":{}},[{"predictions":{"blastic":0.9877943,"carton":0.012205692},"url":"file:\/\/\/Users\/shaimaathu\/Desktop\/mustadeem\/imageClassifiy\/test\/carton\/hj.jpeg","predicted":"blastic","actual":"carton"},{"actual":"carton","predictions":{"carton":0.34159243,"blastic":0.65840757},"predicted":"blastic","url":"file:\/\/\/Users\/shaimaathu\/Desktop\/mustadeem\/imageClassifiy\/test\/carton\/f.jpeg"},{"url":"file:\/\/\/Users\/shaimaathu\/Desktop\/mustadeem\/imageClassifiy\/test\/carton\/gh.jpeg","predictions":{"carton":0.4698708,"blastic":0.5301292},"actual":"carton","predicted":"blastic"},{"predictions":{"blastic":0.7038516,"carton":0.29614842},"url":"file:\/\/\/Users\/shaimaathu\/Desktop\/mustadeem\/imageClassifiy\/test\/carton\/fgh.jpeg","actual":"carton","predicted":"blastic"},{"predictions":{"carton":0.08253878,"blastic":0.9174612},"actual":"carton","url":"file:\/\/\/Users\/shaimaathu\/Desktop\/mustadeem\/imageClassifiy\/test\/carton\/imagesdd.jpeg","predicted":"blastic"}],{"truePositive":{}},[{"url":"file:\/\/\/Users\/shaimaathu\/Desktop\/mustadeem\/imageClassifiy\/test\/blastic\/%D9%A4%D9%A0.jpeg","predicted":"blastic","predictions":{"carton":0.00014756728,"blastic":0.9998524},"actual":"blastic"},{"actual":"blastic","predictions":{"carton":0.22989859,"blastic":0.7701014},"url":"file:\/\/\/Users\/shaimaathu\/Desktop\/mustadeem\/imageClassifiy\/test\/blastic\/%D9%A4%D9%A1.jpeg","predicted":"blastic"},{"url":"file:\/\/\/Users\/shaimaathu\/Desktop\/mustadeem\/imageClassifiy\/test\/blastic\/%D8%8C%D9%88%D8%B1%D8%B2%D9%88.jpeg","predicted":"blastic","predictions":{"carton":7.24282e-08,"blastic":0.99999994},"actual":"blastic"},{"predictions":{"blastic":0.9844212,"carton":0.015578829},"url":"file:\/\/\/Users\/shaimaathu\/Desktop\/mustadeem\/imageClassifiy\/test\/blastic\/%D9%A3%D9%A6.jpeg","predicted":"blastic","actual":"blastic"},{"url":"file:\/\/\/Users\/shaimaathu\/Desktop\/mustadeem\/imageClassifiy\/test\/blastic\/%D9%A5%D9%A0.jpeg","predictions":{"carton":1.0064172e-06,"blastic":0.999999},"actual":"blastic","predicted":"blastic"},{"url":"file:\/\/\/Users\/shaimaathu\/Desktop\/mustadeem\/imageClassifiy\/test\/blastic\/%D9%A3%D9%A1.jpeg","actual":"blastic","predicted":"blastic","predictions":{"carton":0.3664702,"blastic":0.63352984}},{"predicted":"blastic","predictions":{"carton":0.00037275217,"blastic":0.99962723},"url":"file:\/\/\/Users\/shaimaathu\/Desktop\/mustadeem\/imageClassifiy\/test\/blastic\/%D9%A3%D9%A0.jpeg","actual":"blastic"},{"predictions":{"carton":0.02718222,"blastic":0.9728178},"predicted":"blastic","actual":"blastic","url":"file:\/\/\/Users\/shaimaathu\/Desktop\/mustadeem\/imageClassifiy\/test\/blastic\/%D9%A4%D9%A7.jpeg"},{"predicted":"blastic","predictions":{"carton":0.004813681,"blastic":0.9951863},"url":"file:\/\/\/Users\/shaimaathu\/Desktop\/mustadeem\/imageClassifiy\/test\/blastic\/%D9%A5%D9%A1.jpeg","actual":"blastic"},{"url":"file:\/\/\/Users\/shaimaathu\/Desktop\/mustadeem\/imageClassifiy\/test\/blastic\/%D8%A7%D9%84%D8%AA%D9%86%D8%B2.jpeg","actual":"blastic","predictions":{"carton":0.019514263,"blastic":0.98048574},"predicted":"blastic"},{"actual":"blastic","url":"file:\/\/\/Users\/shaimaathu\/Desktop\/mustadeem\/imageClassifiy\/test\/blastic\/%D9%A4%D9%A4.jpeg","predicted":"blastic","predictions":{"carton":0.0049023596,"blastic":0.99509764}},{"url":"file:\/\/\/Users\/shaimaathu\/Desktop\/mustadeem\/imageClassifiy\/test\/blastic\/%D9%A5%D9%A2.jpeg","predictions":{"blastic":0.98556906,"carton":0.01443096},"predicted":"blastic","actual":"blastic"},{"predictions":{"blastic":0.9999961,"carton":3.8800245e-06},"predicted":"blastic","actual":"blastic","url":"file:\/\/\/Users\/shaimaathu\/Desktop\/mustadeem\/imageClassifiy\/test\/blastic\/%D9%A4%D9%A8.jpeg"},{"predictions":{"blastic":0.96161103,"carton":0.038388968},"predicted":"blastic","url":"file:\/\/\/Users\/shaimaathu\/Desktop\/mustadeem\/imageClassifiy\/test\/blastic\/%D9%A3%D9%A3.jpeg","actual":"blastic"},{"predictions":{"carton":0.0002955813,"blastic":0.9997044},"url":"file:\/\/\/Users\/shaimaathu\/Desktop\/mustadeem\/imageClassifiy\/test\/blastic\/%D9%A4%D9%A9.jpeg","actual":"blastic","predicted":"blastic"},{"actual":"blastic","predicted":"blastic","predictions":{"blastic":0.9999742,"carton":2.581604e-05},"url":"file:\/\/\/Users\/shaimaathu\/Desktop\/mustadeem\/imageClassifiy\/test\/blastic\/%D8%AA%D9%84.jpeg"},{"actual":"blastic","predictions":{"carton":0.0072673573,"blastic":0.99273264},"predicted":"blastic","url":"file:\/\/\/Users\/shaimaathu\/Desktop\/mustadeem\/imageClassifiy\/test\/blastic\/%D9%A5%D9%A3.jpeg"},{"predictions":{"blastic":0.9994775,"carton":0.00052252086},"actual":"blastic","predicted":"blastic","url":"file:\/\/\/Users\/shaimaathu\/Desktop\/mustadeem\/imageClassifiy\/test\/blastic\/%D9%A5.jpeg"},{"actual":"blastic","predicted":"blastic","url":"file:\/\/\/Users\/shaimaathu\/Desktop\/mustadeem\/imageClassifiy\/test\/blastic\/%D9%A3%D9%A5.jpeg","predictions":{"carton":0.22929046,"blastic":0.7707096}},{"url":"file:\/\/\/Users\/shaimaathu\/Desktop\/mustadeem\/imageClassifiy\/test\/blastic\/%D9%A4%D9%A2.jpeg","actual":"blastic","predicted":"blastic","predictions":{"blastic":0.99998087,"carton":1.916177e-05}},{"actual":"blastic","url":"file:\/\/\/Users\/shaimaathu\/Desktop\/mustadeem\/imageClassifiy\/test\/blastic\/%D9%A5%D9%A4.jpeg","predicted":"blastic","predictions":{"blastic":0.99983937,"carton":0.00016066391}},{"predictions":{"blastic":0.9924466,"carton":0.0075533693},"actual":"blastic","url":"file:\/\/\/Users\/shaimaathu\/Desktop\/mustadeem\/imageClassifiy\/test\/blastic\/%D9%A3%D9%A9.jpeg","predicted":"blastic"},{"url":"file:\/\/\/Users\/shaimaathu\/Desktop\/mustadeem\/imageClassifiy\/test\/blastic\/%D9%A3%D9%A8.jpeg","predictions":{"blastic":0.89589083,"carton":0.104109146},"predicted":"blastic","actual":"blastic"},{"actual":"blastic","url":"file:\/\/\/Users\/shaimaathu\/Desktop\/mustadeem\/imageClassifiy\/test\/blastic\/%D9%84%D8%A7%D8%AA%D9%84%D8%A7.jpeg","predictions":{"carton":0.02395851,"blastic":0.9760415},"predicted":"blastic"},{"actual":"blastic","predicted":"blastic","url":"file:\/\/\/Users\/shaimaathu\/Desktop\/mustadeem\/imageClassifiy\/test\/blastic\/%D9%A4%D9%A3.jpeg","predictions":{"blastic":0.9802582,"carton":0.019741802}},{"predicted":"blastic","predictions":{"carton":0.00026370384,"blastic":0.9997363},"actual":"blastic","url":"file:\/\/\/Users\/shaimaathu\/Desktop\/mustadeem\/imageClassifiy\/test\/blastic\/%D9%A3%D9%A4.jpeg"},{"predictions":{"carton":0.083743505,"blastic":0.9162565},"predicted":"blastic","url":"file:\/\/\/Users\/shaimaathu\/Desktop\/mustadeem\/imageClassifiy\/test\/blastic\/%D9%A4.jpeg","actual":"blastic"}],{"falseNegative":{}},[{"predictions":{"carton":0.7098427,"blastic":0.29015735},"url":"file:\/\/\/Users\/shaimaathu\/Desktop\/mustadeem\/imageClassifiy\/test\/blastic\/%D9%A4%D9%A6.jpeg","predicted":"carton","actual":"blastic"},{"url":"file:\/\/\/Users\/shaimaathu\/Desktop\/mustadeem\/imageClassifiy\/test\/blastic\/%D8%8C%D8%B2%D9%88%D8%B2.jpeg","predictions":{"blastic":0.47231722,"carton":0.5276828},"actual":"blastic","predicted":"carton"},{"predictions":{"blastic":0.08141859,"carton":0.9185814},"actual":"blastic","predicted":"carton","url":"file:\/\/\/Users\/shaimaathu\/Desktop\/mustadeem\/imageClassifiy\/test\/blastic\/%D9%A4%D9%A5.jpeg"}]]}},"confusionMatrix":[{"expected":"blastic","count":27,"actual":"blastic"},{"expected":"carton","count":3,"actual":"blastic"},{"actual":"carton","expected":"blastic","count":5},{"count":20,"actual":"carton","expected":"carton"}],"statsByLabel":{"carton":{"count":25,"precisionRecall":{"success":{"recall":0.8,"precision":0.8695652173913043}}},"blastic":{"count":30,"precisionRecall":{"success":{"precision":0.84375,"recall":0.9}}}},"accuracy":0.8545454545454545}},"id":"31caccd0-ab58-4dd6-bca3-bded53cc680b","dataSourceID":"2F543AEA-0B23-4EDB-AD53-87E08C854D39","createdDate":"2023-12-28T14:56:29Z","startTime":"2023-12-28T16:30:03Z","accuracy":0.8545454545454545},"previewType":"imageClassifier","evaluationEntities":[]},"trainingEntity":{"analysedDataType":"datasource","trainingResults":{"imageClassifier":{"statsByLabel":{"carton":{"count":81,"precisionRecall":{"success":{"precision":0.95,"recall":0.9382716049382716}}},"blastic":{"count":81,"precisionRecall":{"success":{"recall":0.9506172839506173,"precision":0.9390243902439024}}}},"confusionMatrix":[{"count":77,"expected":"blastic","actual":"blastic"},{"expected":"carton","actual":"blastic","count":4},{"actual":"carton","count":5,"expected":"blastic"},{"actual":"carton","expected":"carton","count":76}],"accuracy":0.9444444444444444}},"validationResults":{"imageClassifier":{"confusionMatrix":[{"actual":"blastic","count":6,"expected":"blastic"},{"count":3,"expected":"carton","actual":"blastic"},{"count":3,"actual":"carton","expected":"blastic"},{"count":6,"actual":"carton","expected":"carton"}],"statsByLabel":{"blastic":{"precisionRecall":{"success":{"precision":0.6666666666666666,"recall":0.6666666666666666}},"count":9},"carton":{"count":9,"precisionRecall":{"success":{"recall":0.6666666666666666,"precision":0.6666666666666666}}}},"accuracy":0.6666666666666666}},"progress":[{"count":2,"currentRowIndex":0,"tableDone":false,"icTrainingColumnHeader":{"trainingAccuracy":0.7716049382716049,"validationAccuracy":0.6111111111111112,"hasValidation":true,"iterationCount":2,"elapsedTime":0.023468017578125},"percentComplete":0,"isLast":false,"tableIndex":0},{"percentComplete":0,"icTrainingColumnHeader":{"elapsedTime":0.026610970497131348,"hasValidation":true,"validationAccuracy":0.6666666666666666,"iterationCount":3,"trainingAccuracy":0.8271604938271605},"count":3,"tableDone":false,"currentRowIndex":0,"isLast":false,"tableIndex":0},{"isLast":false,"count":4,"currentRowIndex":0,"tableIndex":0,"icTrainingColumnHeader":{"trainingAccuracy":0.8518518518518519,"iterationCount":4,"elapsedTime":0.029608964920043945,"hasValidation":true,"validationAccuracy":0.7222222222222222},"percentComplete":0,"tableDone":false},{"count":5,"isLast":false,"tableIndex":0,"icTrainingColumnHeader":{"elapsedTime":0.034713029861450195,"hasValidation":true,"trainingAccuracy":0.8580246913580247,"iterationCount":5,"validationAccuracy":0.7222222222222222},"currentRowIndex":0,"tableDone":false,"percentComplete":0},{"currentRowIndex":0,"count":10,"tableDone":false,"isLast":false,"tableIndex":0,"percentComplete":0},{"currentRowIndex":0,"tableDone":false,"count":11,"tableIndex":0,"icTrainingColumnHeader":{"trainingAccuracy":0.9382716049382716,"validationAccuracy":0.6666666666666666,"elapsedTime":0.05903494358062744,"iterationCount":11,"hasValidation":true},"percentComplete":0,"isLast":false},{"tableDone":true,"tableIndex":0,"icTrainingColumnHeader":{"hasValidation":true,"trainingAccuracy":0.9444444444444444,"iterationCount":12,"validationAccuracy":0.6666666666666666,"elapsedTime":0.06281101703643799},"currentRowIndex":0,"percentComplete":0,"isLast":false,"count":12},{"isLast":false,"count":15,"percentComplete":0,"tableIndex":0,"tableDone":false,"currentRowIndex":0},{"currentRowIndex":0,"tableIndex":0,"isLast":false,"count":20,"percentComplete":0,"tableDone":false},{"tableDone":false,"tableIndex":0,"isLast":false,"count":25,"currentRowIndex":0,"percentComplete":0},{"tableDone":false,"tableIndex":0,"isLast":false,"count":30,"currentRowIndex":0,"percentComplete":0},{"tableIndex":0,"currentRowIndex":0,"isLast":false,"tableDone":false,"count":35,"percentComplete":0},{"count":40,"percentComplete":0,"currentRowIndex":0,"tableDone":false,"tableIndex":0,"isLast":false},{"tableIndex":0,"currentRowIndex":0,"percentComplete":0,"isLast":false,"count":45,"tableDone":false},{"currentRowIndex":0,"percentComplete":0,"tableDone":false,"isLast":false,"tableIndex":0,"count":50},{"count":55,"isLast":false,"tableDone":false,"tableIndex":0,"percentComplete":0,"currentRowIndex":0},{"currentRowIndex":0,"tableIndex":0,"isLast":false,"count":60,"tableDone":false,"percentComplete":0},{"tableIndex":0,"currentRowIndex":0,"isLast":false,"tableDone":false,"count":65,"percentComplete":0},{"percentComplete":0,"isLast":false,"tableDone":false,"tableIndex":0,"currentRowIndex":0,"count":70},{"percentComplete":0,"tableIndex":0,"isLast":false,"tableDone":false,"currentRowIndex":0,"count":75},{"percentComplete":0,"tableIndex":0,"tableDone":false,"isLast":false,"count":80,"currentRowIndex":0},{"isLast":false,"tableDone":false,"currentRowIndex":0,"tableIndex":0,"count":85,"percentComplete":0},{"count":90,"tableDone":true,"tableIndex":0,"percentComplete":0,"isLast":false,"currentRowIndex":0}],"checkpointMetrics":{"25":{"iteration":25,"metrics":{},"createdDate":"2023-12-28T16:30:01Z"}},"trainingAccuracy":0.9444444444444444,"resumableCheckpoint":{"createdDate":"2023-12-28T16:30:01Z","checkpointURL":"file:\/\/\/Users\/shaimaathu\/Library\/Caches\/com.apple.dt.createml\/projects\/DCBB4356-BAFC-4DEE-A65C-7E6262BCC581feedde6e2584b9210759b9c94034e1fa63df8c91\/sessions\/checkpoint.sessions\/D7AB35B2-A4E0-44D5-A997-30979CCAF5B8\/training-000000025.checkpoint","iteration":25},"dataSourceID":"1DCD56F8-D4B5-4A9D-9785-DCFEB36AB563","featureExtractionCheckpointMayBeAvailable":false,"dataResult":{"dataSourceID":"1DCD56F8-D4B5-4A9D-9785-DCFEB36AB563","classesCount":2,"dataAnalysis":{"summary":{"classCount":2,"canUseValidation":1,"sampleCount":90},"issues":[{"description":"2 classes found, including carton, blastic","severity":"debug"},{"description":"90 images found, automatically creating validation set","severity":"good"},{"severity":"debug","description":"Smallest class is \"blastic\" with 45 images"},{"description":"Largest class is \"carton\" with 45 images","severity":"debug"}],"classifierAnalysis":{"labelStats":{"carton":45,"blastic":45}}},"createdDate":"2023-12-28T14:56:29Z","dataURL":"file:\/\/\/Users\/shaimaathu\/Desktop\/mustadeem\/imageClassifiy\/training\/","itemsCount":90},"snapshottableCheckpointModelURL":"Checkpoints\/D7AB35B2-A4E0-44D5-A997-30979CCAF5B8.imClassifir1.checkpoint\/training-000000025.checkpoint.model\/checkpointModel.mlmodel","resumableCheckpointURL":"Checkpoints\/D7AB35B2-A4E0-44D5-A997-30979CCAF5B8.imClassifir1.checkpoint","snapshottableCheckpoints":{"25":{"createdDate":"2023-12-28T16:30:01Z","modelURL":"file:\/\/\/Users\/shaimaathu\/Library\/Caches\/com.apple.dt.createml\/projects\/DCBB4356-BAFC-4DEE-A65C-7E6262BCC581feedde6e2584b9210759b9c94034e1fa63df8c91\/sessions\/checkpoint.sessions\/D7AB35B2-A4E0-44D5-A997-30979CCAF5B8\/training-000000025.checkpoint.model\/checkpointModel.mlmodel","iteration":25}},"startTime":"2023-12-28T16:29:59Z","finishTime":"2023-12-28T16:30:01Z","validationAccuracy":0.6666666666666666},"snapshotRole":{"withoutSnapshots":0},"contentDataResult":{"createdDate":"2023-12-28T14:56:29Z"}}